,Player,year,Old Club,New Club,AAV,Win_Pct,Attendance,Age 7/1/24,Is_Left_Handed,New_Team_Payroll_Prev_Year,Performance 1,Performance 2,Performance 3,Performance 4
0,"Rendon, Anthony",2020,WSH,LAA,35000000.0,0.574,28476.0,30,R,159378583.0,0.412,0.598,34.0,545.0
1,"Donaldson, Josh",2020,ATL,MIN,23000000.0,0.599,30815.0,34,R,121276933.0,0.379,0.521,37.0,549.0
2,"Grandal, Yasmani",2020,MIL,CWS,18250000.0,0.549,32909.0,31,R,89354534.0,0.38,0.468,28.0,513.0
3,"Castellanos, Nick",2020,CHC,CIN,16000000.0,0.519,35831.0,28,R,126423214.0,0.328,0.462,11.0,403.0
4,"Moustakas, Mike",2020,MIL,CIN,16000000.0,0.549,32909.0,31,L,126423214.0,0.329,0.516,35.0,523.0
5,"Abreu, Jose",2020,CWS,CWS,16666666.67,0.414,,33,R,89354534.0,0.33,0.503,33.0,634.0
6,"Garcia, Avisail",2020,TB,MIL,10000000.0,0.593,20365.0,29,R,124755400.0,0.332,0.464,20.0,489.0
7,"Ozuna, Marcell",2020,STL,ATL,18000000.0,0.562,36207.0,29,R,113778369.0,0.328,0.472,29.0,485.0
8,"Dickerson, Corey",2020,PHI,MIA,8750000.0,0.5,31315.0,31,L,72449404.0,0.307,0.579,8.0,133.0
9,"Calhoun, Kole",2020,LAA,ARI,8000000.0,0.444,32085.0,32,L,123932983.0,0.325,0.467,33.0,552.0
10,"Gregorius, Didi",2020,NYY,PHI,14000000.0,0.636,36258.0,30,L,140711962.0,0.276,0.441,16.0,324.0
11,"Gardner, Brett",2020,NYY,NYY,12500000.0,0.636,36258.0,36,L,208084848.0,0.325,0.503,28.0,491.0
12,"Encarnacion, Edwin",2020,NYY,CWS,12000000.0,0.636,36258.0,37,R,89354534.0,0.356,0.531,21.0,241.0
13,"Castro, Starlin",2020,MIA,WSH,6000000.0,0.352,18858.0,30,R,161877935.0,0.3,0.436,22.0,636.0
14,"Gomes, Yan",2020,WSH,WSH,5000000.0,0.574,28476.0,32,R,161877935.0,0.316,0.389,12.0,314.0
15,"Maldonado, Martin",2020,HOU,HOU,3500000.0,0.66,30817.0,33,R,160774666.0,0.291,0.366,6.0,238.0
16,"Castro, Jason",2020,MIN,LAA,6850000.0,0.623,25928.0,33,L,159378583.0,0.332,0.435,13.0,237.0
17,"Chirinos, Robinson",2020,HOU,TEX,6750000.0,0.66,30817.0,36,R,127660652.0,0.347,0.443,17.0,366.0
18,"Kendrick, Howie",2020,WSH,WSH,6250000.0,0.574,28476.0,36,R,161877935.0,0.395,0.572,17.0,334.0
19,"Flores, Wilmer",2020,ARI,SFG,3125000.0,0.525,27678.0,28,R,178286222.0,0.361,0.487,9.0,265.0
20,"Schoop, Jonathan",2020,MIN,DET,6100000.0,0.623,25928.0,28,R,116478400.0,0.304,0.473,23.0,433.0
21,"Smoak, Justin",2020,TOR,MIL,5000000.0,0.414,23755.0,33,L,124755400.0,0.342,0.406,22.0,414.0
22,"Frazier, Todd",2020,NYM,TEX,5000000.0,0.531,29975.0,34,R,127660652.0,0.329,0.443,21.0,447.0
23,"Sogard, Eric",2020,TB,MIL,4500000.0,0.593,20365.0,34,L,124755400.0,0.363,0.477,10.0,287.0
24,"Avila, Alex",2020,ARI,MIN,4250000.0,0.525,27678.0,33,L,121276933.0,0.353,0.421,9.0,164.0
25,"Romine, Austin",2020,NYY,DET,4150000.0,0.636,36258.0,31,R,116478400.0,0.31,0.439,8.0,228.0
26,"Flowers, Tyler",2020,ATL,ATL,4000000.0,0.599,30815.0,34,R,113778369.0,0.319,0.413,11.0,271.0
27,"Markakis, Nick",2020,ATL,ATL,4000000.0,0.599,30815.0,36,L,113778369.0,0.356,0.42,9.0,414.0
28,"Gordon, Alex",2020,KCR,KCR,4000000.0,,,36,L,,0.345,0.396,13.0,556.0
29,"Thames, Eric",2020,MIL,WSH,4000000.0,0.549,32909.0,33,L,161877935.0,0.346,0.505,25.0,396.0
30,"Holt, Brock",2020,BOS,MIL,3250000.0,0.519,32066.0,32,L,124755400.0,0.369,0.402,3.0,259.0
31,"Vogt, Stephen",2020,SFG,ARI,3000000.0,0.475,32940.0,35,L,123932983.0,0.314,0.49,10.0,255.0
32,"Iglesias, Jose",2020,CIN,BAL,3000000.0,0.463,26377.0,30,R,72722906.0,0.318,0.407,11.0,504.0
33,"Moreland, Mitch",2020,BOS,BOS,3000000.0,0.519,32066.0,34,L,222171123.0,0.328,0.507,19.0,298.0
34,"Pence, Hunter",2020,TEX,SFG,3000000.0,0.481,26466.0,37,R,178286222.0,0.358,0.552,18.0,286.0
35,"Cabrera, Asdrubal",2020,WSH,WSH,2500000.0,0.574,28476.0,34,L,161877935.0,0.318,0.393,12.0,323.0
36,"Cervelli, Francisco",2020,ATL,MIA,2000000.0,0.599,30815.0,34,R,72449404.0,0.279,0.248,1.0,109.0
37,"Gyorko, Jedd",2020,LAD,MIL,2000000.0,0.654,41246.0,31,R,124755400.0,0.274,0.304,2.0,56.0
38,"Miller, Brad",2020,PHI,PHI,2000000.0,0.5,31315.0,30,L,140711962.0,0.331,0.61,12.0,118.0
39,"Dyson, Jarrod",2020,ARI,PIT,2000000.0,0.525,27678.0,35,L,76589154.0,0.313,0.32,7.0,400.0
40,"Wieters, Matt",2020,STL,STL,2000000.0,0.562,36207.0,34,L,162830430.0,0.268,0.435,11.0,168.0
41,"Zimmerman, Ryan",2020,WSH,WSH,2000000.0,0.574,28476.0,35,R,161877935.0,0.321,0.415,6.0,171.0
42,"Maybin, Cameron",2020,NYY,DET,1500000.0,0.636,36258.0,33,R,116478400.0,0.364,0.494,11.0,239.0
43,"Joyce, Matt",2020,ATL,MIA,1500000.0,0.599,30815.0,35,L,72449404.0,0.408,0.45,7.0,200.0
44,"Hechavarria, Adeiny",2020,ATL,ATL,1000000.0,0.599,30815.0,31,R,113778369.0,0.252,0.359,5.0,142.0
45,"Harper, Bryce",2019,WSH,PHI,25384615.38,0.506,29861.0,26,L,135000000.0,0.393,0.496,34.0,550.0
46,"Machado, Manny",2019,LAD,SD,30000000.0,0.564,40226.0,26,R,92000000.0,0.387,0.575,24.0,365.0
47,"Pollock, A.J.",2019,ARI,LAD,13750000.0,0.506,29760.0,31,R,195400000.0,,,,
48,"McCutchen, Andrew",2019,NYY,PHI,16666666.67,0.617,36880.0,32,R,135000000.0,0.357,0.415,15.0,482.0
49,"Brantley, Michael",2019,CLE,HOU,16000000.0,0.562,25092.0,32,L,160000000.0,0.364,0.468,17.0,570.0
50,"Murphy, Daniel",2019,CHC,COL,12000000.0,0.583,35834.0,34,L,141000000.0,0.341,0.442,6.0,190.0
51,"LeMahieu, DJ",2019,COL,NYY,12000000.0,0.558,34402.0,30,R,193400000.0,0.321,0.428,15.0,533.0
52,"Donaldson, Josh",2019,CLE,ATL,23000000.0,0.562,25092.0,33,R,141000000.0,0.333,0.423,5.0,137.0
53,"Gonzalez, Marwin",2019,HOU,MIN,10500000.0,0.636,32844.0,30,L,130000000.0,0.324,0.409,16.0,489.0
54,"Lowrie, Jed",2019,HOU,NYM,10000000.0,0.636,32844.0,35,L,150000000.0,0.353,0.448,23.0,596.0
55,"Ramos, Wilson",2019,PHI,NYM,9500000.0,0.494,27853.0,31,R,150000000.0,0.346,0.488,14.0,293.0
56,"Grandal, Yasmani",2019,LAD,MIL,18250000.0,0.564,40226.0,30,R,90000000.0,0.349,0.466,24.0,440.0
57,"Cruz, Nelson",2019,SEA,MIN,14300000.0,0.549,27785.0,38,R,130000000.0,0.342,0.509,37.0,519.0
58,"Moustakas, Mike",2019,MIL,MIL,10000000.0,0.589,32098.0,30,L,90000000.0,0.309,0.468,20.0,378.0
59,"Suzuki, Kurt",2019,ATL,WSH,5000000.0,0.556,29689.0,35,R,197000000.0,0.332,0.444,12.0,347.0
60,"Dozier, Brian",2019,LAD,WSH,9000000.0,0.564,40226.0,32,R,197000000.0,0.307,0.405,16.0,410.0
61,"Kinsler, Ian",2019,BOS,SD,4000000.0,0.667,32870.0,37,R,92000000.0,0.304,0.406,13.0,355.0
62,"Gardner, Brett",2019,NYY,NYY,7500000.0,0.617,36880.0,35,L,193400000.0,0.322,0.368,12.0,530.0
63,"Pearce, Steve",2019,BOS,BOS,6250000.0,0.667,32870.0,36,R,214291339.0,0.394,0.507,7.0,136.0
64,"Mathis, Jeff",2019,ARI,TEX,3125000.0,0.506,29760.0,36,R,133000000.0,0.272,0.272,1.0,195.0
65,"Markakis, Nick",2019,ATL,ATL,6000000.0,0.556,29689.0,35,L,141000000.0,0.366,0.44,14.0,623.0
66,"Chirinos, Robinson",2019,TEX,HOU,5750000.0,0.414,26241.0,35,R,160000000.0,0.338,0.419,18.0,360.0
67,"Mercer, Jordy",2019,PIT,DET,5250000.0,0.509,25155.0,32,R,105000000.0,0.315,0.381,6.0,394.0
68,"Galvis, Freddy",2019,SD,TOR,5000000.0,0.407,28795.0,29,L,95212562.0,0.299,0.38,13.0,602.0
69,"Descalso, Daniel",2019,ARI,CHC,2500000.0,0.506,29760.0,32,L,182444174.0,0.353,0.436,13.0,349.0
70,"Freese, David",2019,LAD,LAD,4500000.0,0.564,40226.0,36,R,195400000.0,0.336,0.444,9.0,241.0
71,"Jay, Jon",2019,ARI,CWS,4000000.0,0.506,29760.0,34,L,75000000.0,0.304,0.325,2.0,289.0
72,"Adams, Matt",2019,STL,WSH,4000000.0,0.543,35646.0,30,L,197000000.0,0.332,0.51,18.0,249.0
73,"Cabrera, Asdrubal",2019,PHI,TEX,3500000.0,0.494,27853.0,33,L,133000000.0,0.329,0.488,18.0,375.0
74,"Lucroy, Jonathan",2019,OAK,LAA,3350000.0,0.599,24058.0,33,R,166000000.0,0.291,0.325,4.0,415.0
75,"Jones, Adam",2019,BAL,ARI,3000000.0,0.29,23696.0,33,R,131000000.0,0.313,0.419,15.0,580.0
76,"Kang, Jung Ho",2019,PIT,PIT,3000000.0,0.509,25155.0,32,R,90000000.0,0.333,0.333,0.0,6.0
77,"Chisenhall, Lonnie",2019,CLE,PIT,2750000.0,0.562,25092.0,30,L,90000000.0,0.394,0.452,1.0,84.0
78,"Maldonado, Martin",2019,HOU,KCR,2500000.0,0.636,32844.0,32,R,,0.284,0.332,5.0,265.0
79,"McCann, Brian",2019,HOU,ATL,2000000.0,0.636,32844.0,35,L,141000000.0,0.301,0.339,7.0,189.0
80,"Harrison, Josh",2019,PIT,DET,2000000.0,0.509,25155.0,31,R,105000000.0,0.293,0.363,8.0,344.0
81,"Walker, Neil",2019,NYY,MIA,2000000.0,0.617,36880.0,33,L,69000000.0,0.309,0.354,11.0,347.0
82,"Hosmer, Eric",2018,KCR,SD,20571428.57,,,28,L,92500000.0,0.385,0.498,25.0,603.0
83,"Martinez, J.D.",2018,ARI,BOS,22000000.0,0.574,29144.0,30,R,199289417.0,0.366,0.741,29.0,232.0
84,"Cain, Lorenzo",2018,KCR,MIL,16000000.0,,,32,R,83000000.0,0.363,0.44,15.0,584.0
85,"Santana, Carlos",2018,CLE,PHI,20000000.0,0.63,26499.0,32,R,118244028.0,0.363,0.455,23.0,571.0
86,"Bruce, Jay",2018,CLE,NYM,13000000.0,0.63,26499.0,31,L,155168524.0,0.321,0.52,29.0,406.0
87,"Cozart, Zack",2018,CIN,LAA,12666666.67,0.42,27386.0,32,R,166770095.0,0.385,0.548,24.0,438.0
88,"Frazier, Todd",2018,NYY,NYM,8500000.0,0.562,36048.0,32,R,155168524.0,0.328,0.432,16.0,280.0
89,"Alonso, Yonder",2018,SEA,CLE,8000000.0,0.481,26579.0,31,L,124000000.0,0.369,0.527,22.0,319.0
90,"Castillo, Welington",2018,BAL,CWS,7500000.0,0.463,27250.0,31,R,97166734.0,0.323,0.49,20.0,341.0
91,"Moreland, Mitch",2018,BOS,BOS,6500000.0,0.574,33792.0,32,L,199289417.0,0.326,0.443,22.0,508.0
92,"Iannetta, Chris",2018,ARI,COL,4250000.0,0.574,29144.0,35,R,127982500.0,0.354,0.511,17.0,272.0
93,"Avila, Alex",2018,CHC,ARI,4125000.0,0.568,36980.0,31,L,93000000.0,0.394,0.475,11.0,219.0
94,"Dyson, Jarrod",2018,SEA,ARI,3750000.0,0.481,26579.0,33,L,93000000.0,0.324,0.35,5.0,346.0
95,"Kendrick, Howie",2018,WSH,WSH,3500000.0,0.599,30570.0,34,R,164273093.0,0.343,0.494,7.0,164.0
96,"Moustakas, Mike",2018,KCR,KCR,6500000.0,,,29,L,,0.314,0.521,38.0,555.0
97,"Morrison, Logan",2018,TB,MIN,6500000.0,0.494,22828.0,30,L,108000000.0,0.353,0.516,38.0,512.0
98,"Lucroy, Jonathan",2018,COL,OAK,6500000.0,0.537,33520.0,32,R,83532178.0,0.297,0.338,4.0,281.0
99,"Jackson, Austin",2018,CLE,SFG,3000000.0,0.63,26499.0,31,R,186408333.0,0.387,0.482,7.0,280.0
100,"Gonzalez, Carlos",2018,COL,COL,5000000.0,0.537,33520.0,32,L,127982500.0,0.339,0.423,14.0,470.0
101,"Granderson, Curtis",2018,LAD,TOR,5000000.0,0.642,40035.0,37,L,170299633.0,0.334,0.481,19.0,337.0
102,"Nunez, Eduardo",2018,BOS,BOS,4000000.0,0.574,33792.0,31,R,199289417.0,0.334,0.417,4.0,302.0
103,"Walker, Neil",2018,MIL,NYY,4000000.0,0.531,31060.0,32,R,208398589.0,0.339,0.442,10.0,265.0
104,"Gomez, Carlos",2018,TEX,TB,4000000.0,0.481,28829.0,32,R,64983275.0,0.34,0.462,17.0,368.0
105,"Duda, Lucas",2018,TB,KCR,3500000.0,0.494,22828.0,32,L,,0.347,0.532,17.0,252.0
106,"Maybin, Cameron",2018,HOU,MIA,3250000.0,0.623,28689.0,31,R,75000000.0,0.333,0.351,6.0,336.0
107,"Jay, Jon",2018,CHC,KCR,3000000.0,0.568,36980.0,33,L,,0.374,0.375,2.0,379.0
108,"Rivera, Rene",2018,CHC,LAA,2800000.0,0.568,36980.0,34,R,166770095.0,0.278,0.391,8.0,174.0
109,"Escobar, Alcides",2018,KCR,KCR,2500000.0,,,31,R,,0.272,0.357,6.0,599.0
110,"Hundley, Nick",2018,SFG,SFG,2500000.0,0.395,36081.0,34,R,186408333.0,0.272,0.418,9.0,287.0
111,"Young, Chris",2018,BOS,LAA,2000000.0,0.574,33792.0,34,R,166770095.0,0.322,0.387,7.0,243.0
112,"Reyes, Jose",2018,NYM,NYM,2000000.0,0.432,30563.0,35,R,155168524.0,0.315,0.413,15.0,501.0
113,"Utley, Chase",2018,LAD,LAD,1000000.0,0.642,40035.0,39,L,186295194.0,0.324,0.405,8.0,309.0
114,"Suzuki, Ichiro",2018,MIA,SEA,750000.0,0.475,24750.0,44,L,154286166.0,0.318,0.332,3.0,196.0
115,"Stewart, Chris",2018,PIT,ATL,575000.0,0.463,28164.0,36,R,122482500.0,0.241,0.221,0.0,131.0
116,"Cespedes, Yoenis",2017,NYM,NYM,27500000.0,0.537,32830.0,31,R,135045000.0,0.354,0.53,31.0,479.0
117,"Fowler, Dexter",2017,CHC,STL,16500000.0,0.64,37479.0,31,L,145562503.0,0.393,0.447,13.0,456.0
118,"Desmond, Ian",2017,TEX,COL,14000000.0,0.586,30511.0,31,R,112868571.0,0.335,0.446,22.0,625.0
119,"Turner, Justin",2017,LAD,LAD,16000000.0,0.562,39339.0,32,R,252551802.0,0.339,0.493,27.0,556.0
120,"Encarnacion, Edwin",2017,TOR,CLE,20000000.0,0.549,35972.0,34,R,96255999.0,0.357,0.529,42.0,601.0
121,"Reddick, Josh",2017,LAD,HOU,13000000.0,0.562,39339.0,30,L,103060600.0,0.368,0.449,8.0,243.0
122,"Trumbo, Mark",2017,BAL,BAL,12500000.0,0.549,29307.0,31,R,67000000.0,0.316,0.533,47.0,613.0
123,"Morales, Kendrys",2017,KCR,TOR,11000000.0,,,34,L,137982500.0,0.327,0.468,30.0,558.0
124,"Castro, Jason",2017,HOU,MIN,8166666.667,0.519,28258.0,30,L,104000000.0,0.307,0.377,11.0,329.0
125,"Wieters, Matt",2017,BAL,WSH,10500000.0,0.549,29307.0,31,L,145888044.0,0.302,0.409,17.0,423.0
126,"Bautista, Jose",2017,TOR,TOR,18500000.0,0.549,35972.0,36,R,137982500.0,0.366,0.452,22.0,423.0
127,"Walker, Neil",2017,NYM,NYM,17200000.0,0.537,32830.0,31,R,135045000.0,0.347,0.476,23.0,412.0
128,"Beltran, Carlos",2017,TEX,HOU,16000000.0,0.586,30511.0,40,R,103060600.0,0.344,0.546,22.0,359.0
129,"Valbuena, Luis",2017,HOU,LAA,7500000.0,0.519,28258.0,31,L,164670833.0,0.357,0.459,13.0,292.0
130,"Holliday, Matt",2017,STL,NYY,13000000.0,0.531,36844.0,37,R,227365789.0,0.322,0.461,20.0,382.0
131,"Ramos, Wilson",2017,WSH,TB,6250000.0,0.586,30152.0,29,R,82562176.0,0.354,0.496,22.0,482.0
132,"Pearce, Steve",2017,BAL,TOR,6250000.0,0.549,29307.0,34,R,137982500.0,0.388,0.52,10.0,204.0
133,"Moss, Brandon",2017,STL,KCR,6000000.0,0.531,36844.0,33,L,,0.3,0.484,28.0,413.0
134,"Gomez, Carlos",2017,TEX,TEX,11500000.0,0.586,30511.0,31,R,168133332.0,0.272,0.322,5.0,295.0
135,"Rodriguez, Sean",2017,PIT,ATL,5750000.0,0.484,29061.0,32,R,112000000.0,0.349,0.51,18.0,300.0
136,"Joyce, Matt",2017,PIT,OAK,5500000.0,0.484,29061.0,32,L,86568000.0,0.403,0.463,13.0,231.0
137,"Saunders, Michael",2017,TOR,PHI,9000000.0,0.549,35972.0,30,L,135996746.0,0.338,0.478,24.0,490.0
138,"Napoli, Mike",2017,CLE,TEX,8500000.0,0.584,23249.0,35,R,168133332.0,0.335,0.465,34.0,557.0
139,"Jay, Jon",2017,SD,CHC,8000000.0,0.42,30938.0,32,L,171490867.0,0.339,0.389,2.0,347.0
140,"Davis, Rajai",2017,CLE,OAK,6000000.0,0.584,23249.0,36,R,86568000.0,0.306,0.388,12.0,454.0
141,"Moreland, Mitch",2017,TEX,BOS,5500000.0,0.586,30511.0,31,L,197872500.0,0.298,0.422,22.0,460.0
142,"Rasmus, Colby",2017,HOU,TB,5000000.0,0.519,28258.0,30,L,82562176.0,0.286,0.355,15.0,369.0
143,"Mathis, Jeff",2017,MIA,ARI,2000000.0,0.491,24979.0,34,R,100429833.0,0.267,0.333,2.0,126.0
144,"Butera, Drew",2017,KCR,KCR,1900000.0,,,33,R,,0.328,0.48,4.0,123.0
145,"Drew, Stephen",2017,WSH,WSH,3500000.0,0.586,30152.0,34,L,145888044.0,0.339,0.524,8.0,143.0
146,"Blanco, Andres",2017,PHI,PHI,3000000.0,0.438,27213.0,33,L,135996746.0,0.316,0.405,4.0,190.0
147,"Gutierrez, Franklin",2017,SEA,LAD,2600000.0,0.531,28154.0,34,R,252551802.0,0.329,0.452,14.0,248.0
148,"Ellis, A.J.",2017,PHI,MIA,2500000.0,0.438,27213.0,36,R,59897777.0,0.285,0.252,1.0,139.0
149,"Morrison, Logan",2017,TB,TB,2500000.0,0.42,22985.0,29,L,82562176.0,0.319,0.414,14.0,353.0
150,"Avila, Alex",2017,CWS,DET,2000000.0,0.481,,30,L,103000000.0,0.359,0.373,7.0,169.0
151,"Utley, Chase",2017,LAD,LAD,2000000.0,0.562,39339.0,38,L,252551802.0,0.319,0.396,14.0,512.0
152,"Hundley, Nick",2017,COL,SFG,2000000.0,0.463,31796.0,33,R,172672111.0,0.32,0.439,10.0,289.0
153,"Iannetta, Chris",2017,SEA,ARI,1500000.0,0.531,28154.0,34,R,100429833.0,0.303,0.329,7.0,295.0
154,"Descalso, Daniel",2017,COL,ARI,1500000.0,0.463,31796.0,30,L,100429833.0,0.349,0.424,8.0,250.0
155,"Suzuki, Kurt",2017,MIN,ATL,1500000.0,0.364,25801.0,33,R,112000000.0,0.301,0.403,8.0,345.0
156,"Lind, Adam",2017,SEA,WSH,1500000.0,0.531,28154.0,33,L,145888044.0,0.286,0.431,20.0,401.0
157,"Heisey, Chris",2017,WSH,WSH,1400000.0,0.586,30152.0,32,R,145888044.0,0.29,0.446,9.0,139.0
158,"Rosales, Adam",2017,SD,OAK,1250000.0,0.42,30938.0,34,R,86568000.0,0.319,0.495,13.0,214.0
159,"Heyward, Jason",2016,STL,CHC,23000000.0,0.617,37430.0,26,L,120336096.0,0.359,0.439,13.0,547.0
160,"Davis, Chris",2016,BAL,BAL,23000000.0,0.5,29040.0,30,L,60000000.0,0.361,0.562,47.0,573.0
161,"Upton, Justin",2016,SD,DET,22125000.0,0.457,31044.0,28,R,111000000.0,0.336,0.454,26.0,542.0
162,"Cespedes, Yoenis",2016,NYM,NYM,25000000.0,0.556,31209.0,30,R,101409244.0,0.323,0.506,18.0,403.0
163,"Gordon, Alex",2016,KCR,KCR,18000000.0,,,32,L,,0.377,0.432,13.0,354.0
164,"Zobrist, Ben",2016,KCR,CHC,14000000.0,,,35,L,120336096.0,0.354,0.447,6.0,235.0
165,"Murphy, Daniel",2016,NYM,WSH,12500000.0,0.556,31209.0,31,L,163324928.0,0.322,0.449,14.0,499.0
166,"Span, Denard",2016,WSH,SFG,10333333.33,0.512,31293.0,32,L,169862298.0,0.365,0.431,5.0,246.0
167,"Parra, Gerardo",2016,BAL,COL,9166666.667,0.5,29040.0,29,L,97281571.0,0.369,0.517,9.0,323.0
168,"Kendrick, Howie",2016,LAD,LAD,10000000.0,0.568,40502.0,32,R,291085107.0,0.336,0.409,9.0,464.0
169,"Cabrera, Asdrubal",2016,TB,NYM,9250000.0,0.494,21796.0,30,R,101409244.0,0.315,0.43,15.0,505.0
170,"Wieters, Matt",2016,BAL,BAL,15800000.0,0.5,29040.0,30,L,60000000.0,0.319,0.422,8.0,258.0
171,"Rasmus, Colby",2016,HOU,HOU,15800000.0,0.531,27354.0,29,L,69060600.0,0.314,0.475,25.0,432.0
172,"Fowler, Dexter",2016,CHC,CHC,13000000.0,0.599,35488.0,30,R,120336096.0,0.346,0.411,17.0,596.0
173,"Young, Chris",2016,,BOS,6500000.0,,,32,R,187407202.0,0.32,0.453,14.0,318.0
174,"Desmond, Ian",2016,WSH,TEX,8000000.0,0.512,31293.0,30,R,141641237.0,0.29,0.384,19.0,583.0
175,"Jaso, John",2016,TB,PIT,4000000.0,0.494,21796.0,32,L,86373388.0,0.38,0.459,5.0,185.0
176,"Napoli, Mike",2016,TEX,CLE,7000000.0,0.543,29918.0,34,R,87325800.0,0.307,0.386,13.0,329.0
177,"Utley, Chase",2016,LAD,LAD,7000000.0,0.568,40502.0,37,L,291085107.0,0.284,0.333,5.0,249.0
178,"De Aza, Alejandro",2016,SFG,NYM,5750000.0,0.519,37899.0,32,L,101409244.0,0.347,0.484,4.0,161.0
179,"Aoki, Nori",2016,SFG,SEA,5500000.0,0.519,37899.0,34,L,123277777.0,,,,
180,"Davis, Rajai",2016,DET,CLE,5250000.0,0.46,31711.0,35,R,87325800.0,0.306,0.44,8.0,341.0
181,"Jackson, Austin",2016,CHC,CWS,5000000.0,0.599,35488.0,29,R,75130500.0,0.312,0.387,8.0,419.0
182,"Pena, Brayan",2016,CIN,STL,2500000.0,0.395,30965.0,34,R,122998726.0,0.334,0.324,0.0,333.0
183,"Pearce, Steve",2016,BAL,TB,4750000.0,0.5,29040.0,33,R,72355877.0,0.289,0.422,15.0,294.0
184,"Iannetta, Chris",2016,LAA,SEA,4250000.0,0.525,33076.0,33,R,123277777.0,0.293,0.335,10.0,272.0
185,"Navarro, Dioner",2016,TOR,CWS,4000000.0,0.574,31175.0,32,L,75130500.0,0.307,0.374,5.0,171.0
186,"Uribe, Juan",2016,,CLE,4000000.0,,,37,R,87325800.0,0.353,0.464,7.0,151.0
187,"Ramirez, Alexei",2016,CWS,SD,4000000.0,0.469,,34,R,89000000.0,0.285,0.357,10.0,583.0
188,"Pennington, Cliff",2016,TOR,LAA,1875000.0,0.574,31175.0,32,L,146922583.0,0.314,0.281,1.0,135.0
189,"Freese, David",2016,LAA,PIT,3000000.0,0.525,33076.0,33,R,86373388.0,0.323,0.42,14.0,424.0
190,"Drew, Stephen",2016,NYY,WSH,3000000.0,0.537,35595.0,33,L,163324928.0,0.271,0.381,17.0,383.0
191,"Pierzynski, A.J.",2016,ATL,ATL,1500000.0,0.414,27373.0,39,L,107541781.0,0.339,0.43,9.0,407.0
192,"Soto, Geovany",2016,CWS,LAA,2800000.0,0.469,,33,R,146922583.0,0.301,0.406,9.0,187.0
193,"Reynolds, Mark",2016,STL,COL,2600000.0,0.617,37430.0,32,R,97281571.0,0.315,0.398,13.0,382.0
194,"Avila, Alex",2016,CWS,DET,2500000.0,0.469,,29,L,111000000.0,0.339,0.287,4.0,178.0
195,"Rodriguez, Sean",2016,PIT,PIT,2500000.0,0.605,31947.0,31,R,86373388.0,0.281,0.362,4.0,224.0
196,"Johnson, Kelly",2016,NYM,ATL,2000000.0,0.556,31209.0,34,L,107541781.0,0.321,0.451,9.0,182.0
197,"Aviles, Mike",2016,CLE,DET,2000000.0,0.503,23585.0,35,R,111000000.0,0.282,0.317,5.0,290.0
198,"Mathis, Jeff",2016,MIA,MIA,1500000.0,0.438,25400.0,33,R,68578500.0,0.214,0.29,2.0,93.0
199,"Gutierrez, Franklin",2016,SEA,SEA,1500000.0,0.469,28066.0,33,R,123277777.0,0.354,0.62,15.0,171.0
200,"Beckham, Gordon",2016,CWS,ATL,1250000.0,0.469,,29,R,107541781.0,0.275,0.332,6.0,211.0
201,"Morneau, Justin",2016,COL,CWS,1000000.0,0.42,31147.0,35,L,75130500.0,0.363,0.458,3.0,168.0
202,"Saltalamacchia, Jarrod",2016,ARI,DET,507500.0,0.488,29146.0,31,R,111000000.0,0.332,0.474,8.0,171.0
203,"Sandovol, Pablo",2015,SFG,BOS,19000000.0,0.543,37262.0,28,L,162817411.0,,,,
204,"Ramirez, Hanley",2015,LAD,BOS,22000000.0,0.58,40262.0,31,R,162817411.0,0.369,0.448,13.0,449.0
205,"Martin, Russell",2015,PIT,TOR,16400000.0,0.543,31715.0,32,R,91400000.0,0.402,0.43,11.0,379.0
206,"Martinez, Victor",2015,DET,DET,16000000.0,0.556,32407.0,36,R,105800000.0,0.409,0.565,32.0,561.0
207,"Cruz, Nelson",2015,BAL,SEA,14250000.0,0.593,30235.0,34,R,90038572.0,0.333,0.525,40.0,613.0
208,"Headley, Chase",2015,NYY,NYY,13000000.0,0.519,38994.0,31,R,197449189.0,0.296,0.355,7.0,279.0
209,"Markakis, Nick",2015,BAL,ATL,11000000.0,0.593,30235.0,31,L,113523347.0,0.342,0.386,14.0,642.0
210,"Cabrera, Melky",2015,TOR,CWS,14000000.0,0.512,29518.0,30,L,73934500.0,0.351,0.458,16.0,568.0
211,"Butler, Billy",2015,KCR,OAK,10000000.0,,,29,R,66347500.0,0.323,0.379,9.0,549.0
212,"LaRoche, Adam",2015,WSH,CWS,12500000.0,0.593,30854.0,35,L,73934500.0,0.362,0.455,26.0,494.0
213,"Lowrie, Jed",2015,OAK,HOU,7666666.667,0.543,26912.0,31,L,44552100.0,0.321,0.355,6.0,502.0
214,"Cuddyer, Michael",2015,COL,NYM,10500000.0,0.407,32375.0,36,R,93897134.0,0.376,0.579,10.0,190.0
215,"Morales, Kendrys",2015,SEA,KCR,8500000.0,0.537,26813.0,32,L,,0.285,0.347,7.0,213.0
216,"Morse, Michael",2015,SFG,MIA,8000000.0,0.543,37262.0,33,R,63497466.0,,,,
217,"Rios, Alex",2015,TOR,KCR,11000000.0,0.512,29518.0,34,R,,0.311,0.398,4.0,492.0
218,"Hunter, Torii",2015,DET,MIN,10500000.0,0.556,32407.0,39,R,85776500.0,0.319,0.446,17.0,549.0
219,"Rasmus, Colby",2015,TOR,HOU,8000000.0,0.512,29518.0,28,L,44552100.0,0.287,0.448,18.0,346.0
220,"Cabrera, Asdrubal",2015,WSH,TB,7500000.0,0.593,30854.0,29,L,77367891.0,0.305,0.386,9.0,378.0
221,"Hundley, Nick",2015,BAL,COL,6250000.0,0.593,30235.0,31,R,95832071.0,0.273,0.352,5.0,159.0
222,"Drew, Stephen",2015,NYY,NYY,5000000.0,0.519,38994.0,32,L,197449189.0,0.219,0.271,3.0,140.0
223,"Ross, David",2015,BOS,CHC,2500000.0,0.438,34181.0,38,R,92677368.0,0.26,0.368,7.0,152.0
224,"Aoki, Nori",2015,KCR,SFG,4700000.0,,,33,L,154185878.0,,,,
225,"Gomes, Jonny",2015,OAK,ATL,4000000.0,0.543,26912.0,34,R,113523347.0,0.329,0.354,6.0,209.0
226,"Bonifacio, Emilio",2015,ATL,CWS,4000000.0,0.488,29934.0,30,L,73934500.0,0.318,0.373,2.0,276.0
227,"Callaspo, Alberto",2015,OAK,ATL,3000000.0,0.543,26912.0,32,L,113523347.0,0.29,0.29,4.0,404.0
228,"Denorfia, Chris",2015,SEA,CHC,2600000.0,0.537,26813.0,34,R,92677368.0,0.293,0.319,1.0,248.0
229,"Young, Chris",2015,NYY,NYY,2500000.0,0.519,38994.0,31,R,197449189.0,0.283,0.346,8.0,254.0
230,"Young, Delmon",2015,BAL,BAL,2250000.0,0.593,30235.0,29,R,90507876.0,,,,
231,"Pierzynski, A.J.",2015,STL,ATL,2000000.0,0.556,37867.0,38,L,113523347.0,0.286,0.348,4.0,256.0
232,"Suzuki, Ichiro",2015,NYY,MIA,2000000.0,0.519,38994.0,41,L,63497466.0,0.324,0.34,1.0,359.0
233,"Weeks, Rickie",2015,MIL,SEA,2000000.0,0.506,33432.0,32,R,90038572.0,0.357,0.452,8.0,252.0
234,"Reynolds, Mark",2015,MIL,STL,2000000.0,0.506,33432.0,31,R,111020360.0,0.287,0.394,22.0,378.0
235,"Johnson, Kelly",2015,BAL,ATL,1500000.0,0.593,30235.0,33,L,113523347.0,0.304,0.373,6.0,201.0
236,"Soto, Geovany",2015,OAK,CWS,1500000.0,0.543,26912.0,32,R,73934500.0,0.354,0.357,0.0,42.0
237,"Barmes, Clint",2015,PIT,SD,1500000.0,0.543,31715.0,36,R,87451500.0,0.328,0.294,0.0,102.0
238,"Laird, Gerald",2015,ATL,ARI,1000000.0,0.488,29934.0,35,R,112688666.0,0.275,0.257,0.0,152.0
239,"Nieves, Wil",2015,PHI,SD,850000.0,0.451,30530.0,37,R,87451500.0,0.27,0.344,1.0,122.0
240,"Kawasaki, Munenori",2015,TOR,TOR,825000.0,0.512,29518.0,34,L,91400000.0,0.327,0.296,0.0,240.0
241,"Cano, Robinson",2014,NYY,SEA,24000000.0,0.525,37082.0,31,L,72265252.0,0.383,0.516,27.0,605.0
242,"Ellsbury, Jacoby",2014,BOS,NYY,21857142.86,0.599,34012.0,30,L,228106125.0,0.355,0.426,9.0,577.0
243,"Choo, Shin-Soo",2014,CIN,TEX,18571428.57,0.556,32084.0,31,L,125506177.0,0.423,0.462,21.0,569.0
244,"McCann, Brian",2014,ATL,NYY,17000000.0,0.593,31155.0,30,L,228106125.0,0.336,0.461,20.0,356.0
245,"Granderson, Curtis",2014,NYY,NYM,15000000.0,0.525,37082.0,33,L,93684590.0,0.317,0.407,7.0,214.0
246,"Peralta, Jhonny",2014,DET,STL,13250000.0,0.574,33045.0,32,R,116702085.0,0.358,0.457,11.0,409.0
247,"Beltran, Carlos",2014,STL,NYY,15000000.0,0.599,37016.0,37,R,228106125.0,0.339,0.491,24.0,554.0
248,"Napoli, Mike",2014,BOS,BOS,16000000.0,0.599,34012.0,32,R,150655500.0,0.36,0.482,23.0,498.0
249,"Infante, Omar",2014,DET,KCR,7562500.0,0.574,33045.0,32,R,,0.345,0.45,10.0,453.0
250,"Ruiz, Carlos",2014,PHI,PHI,8666666.667,0.451,33826.0,35,R,159578214.0,0.32,0.368,5.0,310.0
251,"Saltalamacchia, Jarrod",2014,BOS,MIA,7000000.0,0.599,34012.0,29,L,40822900.0,0.338,0.466,14.0,425.0
252,"Loney, James",2014,TB,TB,7000000.0,0.564,24435.0,30,L,57091466.0,0.348,0.43,13.0,549.0
253,"Byrd, Marlon",2014,PIT,PHI,8000000.0,0.58,30865.0,36,R,159578214.0,0.33,0.518,21.0,425.0
254,"Uribe, Juan",2014,LAD,LAD,7500000.0,0.568,40782.0,35,R,216302909.0,0.331,0.438,12.0,388.0
255,"Morneau, Justin",2014,PIT,COL,6250000.0,0.58,30865.0,33,L,74690000.0,0.315,0.426,17.0,495.0
256,"Murphy, David",2014,TEX,CLE,6000000.0,0.558,33473.0,32,L,77772800.0,0.282,0.374,13.0,436.0
257,"McLouth, Nate",2014,BAL,WSH,5375000.0,0.525,28866.0,32,L,118243143.0,0.329,0.399,12.0,531.0
258,"Drew, Stephen",2014,BOS,BOS,10093443.0,0.599,34012.0,31,L,150655500.0,0.333,0.443,13.0,442.0
259,"Davis, Rajai",2014,TOR,DET,5000000.0,0.457,29677.0,33,R,148697500.0,0.312,0.375,6.0,331.0
260,"Pierzynski, A.J.",2014,TEX,BOS,8250000.0,0.558,33473.0,37,L,150655500.0,0.297,0.425,17.0,503.0
261,"Cruz, Nelson",2014,TEX,BAL,8000000.0,0.558,33473.0,33,R,91093433.0,0.327,0.506,27.0,413.0
262,"Navarro, Dioner",2014,CHC,TOR,4000000.0,0.407,32392.0,30,L,84790000.0,0.365,0.492,13.0,240.0
263,"Morales, Kendrys",2014,SEA,MIN,7409836.0,0.438,25096.0,31,L,75562500.0,0.336,0.449,23.0,602.0
264,"Young, Chris",2014,OAK,NYM,7250000.0,0.593,25822.0,30,R,93684590.0,0.28,0.379,12.0,335.0
265,"Hart, Corey",2014,MIL,SEA,6000000.0,0.457,31171.0,32,R,72265252.0,,,,
266,"Morse, Michael",2014,BAL,SFG,6000000.0,0.525,28866.0,32,R,140264334.0,,,,
267,"Bloomquist, Willie",2014,ARI,SEA,5800000.0,0.5,29705.0,36,R,72265252.0,0.36,0.367,0.0,139.0
268,"Ellis, Mark",2014,LAD,STL,5250000.0,0.568,40782.0,37,R,116702085.0,0.323,0.351,6.0,433.0
269,"Schumaker, Skip",2014,LAD,CIN,2500000.0,0.568,40782.0,34,L,106885000.0,0.332,0.332,2.0,319.0
270,"Ryan, Brendan",2014,NYY,NYY,2500000.0,0.525,37082.0,32,R,228106125.0,0.254,0.265,3.0,260.0
271,"Molina, Jose",2014,TB,TB,2250000.0,0.564,24435.0,39,R,57091466.0,0.29,0.304,2.0,283.0
272,"Chavez, Eric",2014,ARI,ARI,3500000.0,0.5,29705.0,36,L,86715000.0,0.332,0.478,9.0,228.0
273,"Soto, Geovany",2014,TEX,TEX,3050000.0,0.558,33473.0,31,R,125506177.0,0.328,0.466,9.0,163.0
274,"Furcal, Rafael",2014,STL,MIA,3000000.0,0.599,37016.0,36,R,40822900.0,,,,
275,"Johnson, Kelly",2014,TB,NYY,3000000.0,0.564,24435.0,32,L,228106125.0,0.305,0.41,16.0,366.0
276,"Punto, Nick",2014,LAD,OAK,3000000.0,0.568,40782.0,36,L,60142250.0,0.328,0.327,2.0,294.0
277,"Ibanez, Raul",2014,SEA,LAA,2750000.0,0.438,25096.0,42,L,127896250.0,0.306,0.487,29.0,454.0
278,"Suzuki, Kurt",2014,OAK,MIN,2750000.0,0.593,25822.0,30,R,75562500.0,0.283,0.31,3.0,252.0
279,"Konerko, Paul",2014,CWS,CWS,2500000.0,0.389,,38,R,116054500.0,0.313,0.355,12.0,467.0
280,"Pena, Brayan",2014,DET,CIN,2275000.0,0.574,33045.0,32,R,106885000.0,0.315,0.397,4.0,229.0
281,"Reynolds, Mark",2014,NYY,MIL,2000000.0,0.525,37082.0,30,R,91003366.0,0.307,0.373,15.0,335.0
282,"Kubel, Jason",2014,CLE,MIN,2000000.0,0.568,23947.0,32,L,75562500.0,0.288,0.324,5.0,241.0
283,"Roberts, Brian",2014,BAL,NYY,2000000.0,0.525,28866.0,36,L,228106125.0,0.312,0.392,8.0,265.0
284,"Barmes, Clint",2014,PIT,PIT,2000000.0,0.58,30865.0,35,R,66477266.0,0.249,0.309,5.0,304.0
285,"Overbay, Lyle",2014,NYY,MIL,1500000.0,0.525,37082.0,37,L,91003366.0,0.295,0.393,14.0,445.0
286,"Nieves, Wil",2014,ARI,PHI,1125000.0,0.5,29705.0,36,R,159578214.0,0.32,0.369,1.0,195.0
287,"Santiago, Ramon",2014,DET,CIN,1100000.0,0.574,33045.0,34,L,106885000.0,0.298,0.288,1.0,205.0
288,"Young, Delmon",2014,TB,BAL,1000000.0,0.564,24435.0,28,R,91093433.0,,,,
289,"Giambi, Jason",2014,CLE,CLE,1000000.0,0.568,23947.0,43,L,77772800.0,0.282,0.371,9.0,186.0
290,"Johnson, Reed",2014,ATL,MIA,1000000.0,0.593,31155.0,37,R,40822900.0,0.311,0.341,1.0,123.0
291,"Gutierrez, Franklin",2014,SEA,SEA,1000000.0,0.438,25096.0,31,R,72265252.0,0.273,0.503,10.0,145.0
292,"Buck, John",2014,PIT,SEA,1000000.0,0.58,30865.0,33,R,72265252.0,0.285,0.367,15.0,368.0
293,"McDonald, John",2014,BOS,LAA,850000.0,0.599,34012.0,39,R,127896250.0,0.171,0.097,0.0,31.0
294,"Kawasaki, Munenori",2014,TOR,TOR,750000.0,0.457,29677.0,33,L,84790000.0,0.326,0.308,1.0,240.0
295,"Hamilton, Josh",2013,TEX,LAA,25000000.0,0.574,35509.0,32,L,154485166.0,0.354,0.577,43.0,562.0
296,"Upton, B.J.",2013,TB,ATL,15050000.0,0.556,24829.0,28,R,93935333.0,0.298,0.454,28.0,573.0
297,"Swisher, Nick",2013,NYY,CLE,14000000.0,0.586,38943.0,32,R,65430300.0,0.364,0.473,24.0,537.0
298,"Bourn, Michael",2013,ATL,CLE,12000000.0,0.58,30907.0,30,L,65430300.0,0.348,0.391,9.0,624.0
299,"Pagan, Angel",2013,SFG,SFG,10000000.0,0.58,37320.0,31,L,117620683.0,0.338,0.44,8.0,605.0
300,"Victorino, Shane",2013,LAD,BOS,13000000.0,0.531,36866.0,32,L,175249119.0,0.324,0.401,9.0,387.0
301,"Ortiz, David",2013,BOS,BOS,13000000.0,0.426,34303.0,37,L,175249119.0,0.415,0.611,23.0,324.0
302,"Hunter, Torii",2013,LAA,DET,13000000.0,0.549,34315.0,37,R,103640000.0,0.365,0.451,16.0,534.0
303,"Ross, Cody",2013,BOS,ARI,8666666.667,0.426,34303.0,32,R,74284833.0,0.326,0.481,22.0,476.0
304,"LaRoche, Adam",2013,WSH,WSH,12000000.0,0.605,31582.0,33,L,92534929.0,0.343,0.51,33.0,571.0
305,"Scutaro, Marco",2013,SFG,SFG,6666666.667,0.58,37320.0,37,R,117620683.0,0.324,0.361,4.0,377.0
306,"Martin, Russell",2013,NYY,PIT,8500000.0,0.586,38943.0,30,R,63813171.0,0.311,0.403,21.0,422.0
307,"Cabrera, Melky",2013,SFG,TOR,8000000.0,0.58,37320.0,28,R,75529500.0,0.39,0.516,11.0,459.0
308,"Ludwick, Ryan",2013,CIN,CIN,7500000.0,0.599,29881.0,34,R,87826167.0,0.346,0.531,26.0,422.0
309,"Suzuki, Ichiro",2013,NYY,NYY,6500000.0,0.586,38943.0,39,L,209792900.0,0.288,0.353,4.0,402.0
310,"Youkilis, Kevin",2013,CWS,NYY,12000000.0,0.525,,34,R,209792900.0,0.346,0.425,15.0,292.0
311,"Keppinger, Jeff",2013,TB,CWS,4000000.0,0.556,24829.0,33,R,96032000.0,0.367,0.439,9.0,385.0
312,"Berkman, Lance",2013,STL,TEX,11000000.0,0.543,35854.0,37,L,120836000.0,0.381,0.444,2.0,81.0
313,"Gomes, Jonny",2013,OAK,BOS,5000000.0,0.58,25353.0,32,R,175249119.0,0.377,0.491,18.0,279.0
314,"Izturis, Maicer",2013,LAA,TOR,3333333.333,0.549,34315.0,32,R,75529500.0,0.32,0.315,2.0,289.0
315,"Drew, Stephen",2013,OAK,BOS,9500000.0,0.58,25353.0,30,L,175249119.0,0.326,0.382,5.0,152.0
316,"Pierzynski, A.J.",2013,CWS,TEX,7500000.0,0.525,,36,L,120836000.0,0.326,0.501,27.0,479.0
317,"Ross, David",2013,ATL,BOS,3100000.0,0.58,30907.0,36,R,175249119.0,0.321,0.449,9.0,176.0
318,"Napoli, Mike",2013,TEX,BOS,5000000.0,0.574,35509.0,31,R,175249119.0,0.343,0.469,24.0,352.0
319,"Hairston, Scott",2013,NYM,CHC,2500000.0,0.457,30895.0,33,R,107608000.0,0.299,0.504,20.0,377.0
320,"Wigginton, Ty",2013,PHI,STL,2500000.0,0.5,37885.0,35,R,110300862.0,0.314,0.375,11.0,315.0
321,"Chavez, Eric",2013,NYY,ARI,3000000.0,0.586,38943.0,35,L,74284833.0,0.348,0.496,16.0,278.0
322,"Laird, Gerald",2013,DET,ATL,1500000.0,0.543,33961.0,33,R,93935333.0,0.337,0.374,2.0,174.0
323,"Pena, Carlos",2013,TB,HOU,2900000.0,0.556,24829.0,35,L,60651000.0,0.33,0.354,19.0,497.0
324,"Polanco, Placido",2013,PHI,MIA,2750000.0,0.5,37885.0,37,R,58038000.0,0.302,0.327,2.0,303.0
325,"Ibanez, Raul",2013,NYY,SEA,2750000.0,0.586,38943.0,41,L,84928100.0,0.308,0.453,19.0,384.0
326,"Scott, Luke",2013,TB,TB,2750000.0,0.556,24829.0,35,L,63496433.0,0.285,0.439,14.0,314.0
327,"Johnson, Kelly",2013,TOR,TB,2450000.0,0.451,27488.0,31,L,63496433.0,0.313,0.365,16.0,507.0
328,"McLouth, Nate",2013,BAL,BAL,2000000.0,0.574,28098.0,31,L,81844433.0,0.342,0.435,7.0,209.0
329,"Hafner, Travis",2013,CLE,NYY,2000000.0,0.42,24041.0,36,L,209792900.0,0.346,0.438,12.0,219.0
330,"Loney, James",2013,BOS,TB,2000000.0,0.426,34303.0,29,L,63496433.0,0.302,0.344,4.0,334.0
331,"Johnson, Reed",2013,ATL,ATL,1750000.0,0.58,30907.0,36,R,93935333.0,0.355,0.444,3.0,169.0
332,"Navarro, Dioner",2013,CIN,CHC,1750000.0,0.599,29881.0,29,L,107608000.0,0.306,0.449,2.0,69.0
333,"Baker, Jeff",2013,ATL,TEX,1750000.0,0.58,30907.0,32,R,120836000.0,0.306,0.448,4.0,134.0
334,"Pierre, Juan",2013,PHI,MIA,1600000.0,0.5,37885.0,35,L,58038000.0,0.351,0.371,1.0,394.0
335,"Shoppach, Kelly",2013,NYM,SEA,1500000.0,0.457,30895.0,33,R,84928100.0,0.327,0.471,5.0,140.0
336,"Gonzalez, Alex",2013,MIL,MIL,1450000.0,0.512,32767.0,36,R,98188766.0,0.326,0.457,4.0,81.0
337,"Hinske, Eric",2013,ATL,ARI,1350000.0,0.58,30907.0,35,L,74284833.0,0.272,0.311,2.0,132.0
338,"Inge, Brandon",2013,OAK,PIT,1250000.0,0.58,25353.0,36,R,63813171.0,0.286,0.389,11.0,283.0
339,"Cedeno, Ronny",2013,NYM,STL,1150000.0,0.457,30895.0,30,R,110300862.0,0.332,0.41,4.0,166.0
340,"DeRosa, Mark",2013,WSH,TOR,775000.0,0.605,31582.0,38,R,75529500.0,0.3,0.247,0.0,85.0
341,"Giambi, Jason",2013,COL,CLE,750000.0,0.395,32388.0,42,L,65430300.0,0.372,0.303,1.0,89.0
342,"Young, Delmon",2013,DET,PHI,750000.0,0.543,33961.0,27,R,174538938.0,,,,
343,"Blanco, Henry",2013,ARI,TOR,750000.0,0.5,29588.0,41,R,75529500.0,0.224,0.281,1.0,64.0
344,"Wise, Dewayne",2013,CWS,CWS,700000.0,0.525,,35,L,96032000.0,,,,
345,"Kearns, Austin",2013,MIA,MIA,700000.0,0.426,29182.0,33,R,58038000.0,0.366,0.367,4.0,147.0
346,"Kotchman, Casey",2013,MIA,MIA,700000.0,0.426,29182.0,30,L,58038000.0,0.28,0.333,12.0,463.0
347,"Pujols, Albert",2012,STL,LAA,24000000.0,0.556,34318.0,32,R,138543166.0,0.366,0.541,37.0,579.0
348,"Fielder, Prince",2012,MIL,DET,23777777.78,0.593,34356.0,28,L,105799000.0,0.415,0.566,38.0,569.0
349,"Reyes, Jose",2012,NYM,MIA,17666666.67,0.475,31603.0,29,R,57898000.0,0.384,0.493,7.0,537.0
350,"Rollins, Jimmy",2012,PHI,PHI,12666666.67,0.63,39220.0,33,L,172976379.0,0.338,0.399,16.0,567.0
351,"Ramirez, Aramis",2012,CHC,MIL,12000000.0,0.438,35028.0,34,R,85497333.0,0.361,0.51,26.0,565.0
352,"Cuddyer, Michael",2012,MIN,COL,10500000.0,0.389,34031.0,33,R,83710000.0,0.346,0.459,20.0,529.0
353,"Beltran, Carlos",2012,SFG,STL,13000000.0,0.531,37287.0,35,R,105433572.0,0.391,0.513,15.0,353.0
354,"Willingham, Josh",2012,OAK,MIN,7000000.0,0.457,24354.0,33,R,112737000.0,0.332,0.477,29.0,488.0
355,"Kubel, Jason",2012,MIN,ARI,7750000.0,0.389,34031.0,30,L,53639833.0,0.332,0.434,12.0,366.0
356,"Ortiz, David",2012,BOS,BOS,14575000.0,0.556,34851.0,36,L,161407476.0,0.398,0.554,29.0,525.0
357,"Crisp, Coco",2012,OAK,OAK,7000000.0,0.457,24354.0,32,L,66347500.0,0.314,0.379,8.0,531.0
358,"Furcal, Rafael",2012,STL,STL,7000000.0,0.556,34318.0,34,L,105433572.0,0.316,0.418,7.0,196.0
359,"Hill, Aaron",2012,ARI,ARI,5500000.0,0.58,28084.0,30,R,53639833.0,0.27,0.313,6.0,396.0
360,"Barmes, Clint",2012,HOU,PIT,5250000.0,0.346,27053.0,33,R,42045500.0,0.312,0.386,12.0,446.0
361,"DeJesus, David",2012,OAK,CHC,5000000.0,0.457,24354.0,32,L,134004000.0,0.323,0.376,10.0,442.0
362,"Ellis, Mark",2012,COL,LAD,4375000.0,0.451,33128.0,35,R,104188999.0,0.317,0.392,6.0,263.0
363,"Pena, Carlos",2012,CHC,TB,7250000.0,0.438,35028.0,34,L,41717750.0,0.357,0.462,28.0,493.0
364,"Carroll, Jamey",2012,LAD,MIN,3250000.0,0.509,34421.0,38,R,112737000.0,0.359,0.347,0.0,452.0
365,"Hernandez, Ramon",2012,CIN,COL,3200000.0,0.488,30205.0,36,R,83710000.0,0.341,0.446,12.0,298.0
366,"Johnson, Kelly",2012,TOR,TOR,6375000.0,0.5,25051.0,30,L,62051000.0,0.287,0.412,18.0,430.0
367,"Hairston Jr., Jerry",2012,MIL,LAD,3000000.0,0.593,34356.0,36,R,104188999.0,0.342,0.385,4.0,213.0
368,"Sizemore, Grady",2012,CLE,CLE,5000000.0,0.494,26698.0,29,L,49190566.0,0.285,0.422,10.0,268.0
369,"Rivera, Juan",2012,LAD,LAD,4500000.0,0.509,34421.0,33,R,104188999.0,0.305,0.36,6.0,247.0
370,"Gonzalez, Alex",2012,ATL,MIL,4250000.0,0.549,30539.0,35,R,85497333.0,0.27,0.372,15.0,564.0
371,"Santiago, Ramon",2012,DET,DET,2100000.0,0.586,30123.0,32,R,105799000.0,0.311,0.384,5.0,258.0
372,"Barajas, Rod",2012,LAD,PIT,4000000.0,0.509,34421.0,36,R,42045500.0,0.287,0.43,16.0,305.0
373,"Bllomquist, Willie",2012,ARI,ARI,1900000.0,0.58,28084.0,34,R,53639833.0,,,,
374,"Betemit, Wilson",2012,DET,BAL,1625000.0,0.586,30123.0,30,R,85580866.0,0.341,0.409,3.0,203.0
375,"McDonald, John",2012,ARI,ARI,3000000.0,0.58,28084.0,37,R,53639833.0,0.285,0.345,2.0,168.0
376,"Ross, Cody",2012,SFG,BOS,3000000.0,0.531,37287.0,31,R,161407476.0,0.325,0.405,14.0,405.0
377,"Kotchman, Casey",2012,TB,CLE,3000000.0,0.562,23616.0,29,L,49190566.0,0.378,0.422,10.0,500.0
378,"Doumit, Ryan",2012,PIT,MIN,3000000.0,0.444,27580.0,31,L,112737000.0,0.353,0.477,8.0,218.0
379,"Punto, Nick",2012,STL,BOS,1500000.0,0.556,34318.0,34,L,161407476.0,0.388,0.421,1.0,133.0
380,"Dobbs, Greg",2012,MIA,MIA,1500000.0,0.444,24920.0,33,L,57898000.0,0.311,0.389,8.0,411.0
381,"Ludwick, Ryan",2012,PIT,CIN,2500000.0,0.444,27580.0,33,R,75947134.0,0.301,0.373,11.0,378.0
382,"Nix, Laynce",2012,WSH,PHI,2500000.0,0.497,27224.0,31,L,172976379.0,0.299,0.451,16.0,324.0
383,"Blake, Casey",2012,LAD,COL,2000000.0,0.509,34421.0,38,R,83710000.0,0.342,0.371,4.0,202.0
384,"Betancourt, Yuniesky",2012,MIL,KCR,2000000.0,0.593,34356.0,30,R,,0.271,0.381,13.0,556.0
385,"Jones, Andruw",2012,NYY,NYY,2000000.0,0.599,39167.0,35,R,207047964.0,0.356,0.495,13.0,190.0
386,"Molina, Jose",2012,TOR,TB,1800000.0,0.5,25051.0,37,R,41717750.0,0.342,0.415,3.0,171.0
387,"McLouth, Nate",2012,ATL,PIT,1750000.0,0.549,30539.0,30,L,42045500.0,0.344,0.333,4.0,267.0
388,"Blanco, Henry",2012,ARI,ARI,1500000.0,0.58,28084.0,40,R,53639833.0,0.33,0.54,8.0,100.0
389,"Chavez, Endy",2012,TEX,BAL,1500000.0,0.593,32552.0,34,L,85580866.0,0.323,0.426,5.0,256.0
390,"Shoppach, Kelly",2012,TB,BOS,1350000.0,0.562,23616.0,32,R,161407476.0,0.268,0.339,11.0,221.0
391,"Thome, Jim",2012,CLE,PHI,1250000.0,0.494,26698.0,41,L,172976379.0,0.351,0.476,12.0,206.0
392,"Kotsay, Mark",2012,MIL,SD,1250000.0,0.593,34356.0,36,L,45262166.0,0.329,0.373,3.0,233.0
393,"Johnson, Reed",2012,CHC,CHC,1150000.0,0.438,35028.0,35,R,134004000.0,0.348,0.467,5.0,246.0
394,"Cedeno, Ronny",2012,PIT,NYM,1150000.0,0.444,27580.0,29,R,118847309.0,0.297,0.339,2.0,413.0
395,"Ibanez, Raul",2012,PHI,NYY,1100000.0,0.63,39220.0,40,L,207047964.0,0.289,0.419,20.0,535.0
396,"Overbay, Lyle",2012,ARI,ARI,1000000.0,0.58,28084.0,35,L,53639833.0,0.3,0.349,8.0,352.0
397,"Wilson, Jack",2012,ATL,ATL,1000000.0,0.549,30539.0,34,R,87407126.0,0.283,0.295,0.0,173.0
398,"Fukudome, Kosuke",2012,CLE,CWS,1000000.0,0.494,26698.0,35,L,103680000.0,0.374,0.369,3.0,293.0
399,"Laird, Gerald",2012,STL,DET,1000000.0,0.556,34318.0,32,R,105799000.0,0.302,0.358,1.0,95.0
400,"Treanor, Matt",2012,TEX,LAD,1000000.0,0.593,32552.0,36,R,104188999.0,0.351,0.306,3.0,186.0
401,"Gomes, Jonny",2012,WSH,OAK,1000000.0,0.497,27224.0,31,R,66347500.0,0.336,0.399,11.0,218.0
402,"Chavez, Eric",2012,NYY,NYY,900000.0,0.599,39167.0,34,L,207047964.0,0.32,0.356,2.0,160.0
403,"Kennedy, Adam",2012,SEA,LAD,800000.0,0.414,25642.0,36,L,104188999.0,0.277,0.355,7.0,380.0
404,"Schneider, Brian",2012,PHI,PHI,800000.0,0.63,39220.0,35,L,172976379.0,0.246,0.256,2.0,125.0
405,"DeRosa, Mark",2012,SFG,WSH,800000.0,0.531,37287.0,37,R,68306929.0,0.351,0.302,0.0,86.0
406,"Snyder, Chris",2012,PIT,HOU,750000.0,0.444,27580.0,31,R,76969000.0,0.376,0.396,3.0,96.0
407,"Crawford, Carl",2011,TB,BOS,20285714.29,0.593,24972.0,29,L,162747333.0,0.356,0.495,19.0,600.0
408,"Werth, Jayson",2011,PHI,WSH,18000000.0,0.599,39005.0,32,R,66275000.0,0.388,0.532,27.0,554.0
409,"Beltre, Adrian",2011,BOS,TEX,16000000.0,0.549,34948.0,32,R,64810570.0,0.365,0.553,28.0,589.0
410,"Dunn, Adam",2011,WSH,CWS,14000000.0,0.426,26117.0,31,L,73851000.0,0.356,0.536,38.0,558.0
411,"Jeter, Derek",2011,NYY,NYY,17000000.0,0.586,40715.0,37,R,206333389.0,0.34,0.37,10.0,663.0
412,"Martinez, Victor",2011,BOS,DET,12500000.0,0.549,34948.0,32,L,122864929.0,0.351,0.493,20.0,493.0
413,"Konerko, Paul",2011,CWS,CWS,12500000.0,0.543,,35,R,73851000.0,0.393,0.584,39.0,548.0
414,"Huff, Aubrey",2011,SFG,SFG,11000000.0,0.568,34767.0,34,L,97828833.0,0.385,0.506,26.0,569.0
415,"Uribe, Juan",2011,SFG,LAD,7000000.0,0.568,34767.0,32,R,95143575.0,0.31,0.44,24.0,521.0
416,"Buck, John",2011,TOR,MIA,6000000.0,0.525,23920.0,30,R,57431500.0,0.314,0.489,20.0,409.0
417,"LaRoche, Adam",2011,ARI,WSH,8000000.0,0.401,28616.0,31,L,66275000.0,0.32,0.468,25.0,560.0
418,"Hudson, Orlando",2011,MIN,SD,5750000.0,0.58,33574.0,33,R,37415350.0,0.338,0.372,6.0,497.0
419,"Peralta, Jhonny",2011,DET,DET,5625000.0,0.5,30047.0,29,R,122864929.0,0.308,0.389,7.0,334.0
420,"Pena, Carlos",2011,TB,CHC,10000000.0,0.593,24972.0,33,L,144359000.0,0.325,0.407,28.0,484.0
421,"Ordonez, Magglio",2011,DET,DET,5000000.0,0.5,30047.0,37,R,122864929.0,0.378,0.474,12.0,323.0
422,"Berkman, Lance",2011,NYY,STL,8000000.0,0.586,40715.0,35,L,93540751.0,0.372,0.436,13.0,298.0
423,"Guerrero, Vladimir",2011,TEX,BAL,8000000.0,0.556,28747.0,36,R,81313500.0,0.345,0.496,29.0,593.0
424,"Pierzynski, A.J.",2011,CWS,CWS,4000000.0,0.543,,34,L,73851000.0,0.3,0.388,9.0,474.0
425,"Wigginton, Ty",2011,BAL,COL,4000000.0,0.407,24693.0,33,R,84227000.0,0.312,0.415,22.0,581.0
426,"Lee, Derrek",2011,ATL,BAL,7250000.0,0.562,31096.0,35,R,81313500.0,0.335,0.416,16.0,418.0
427,"Olivo, Miguel",2011,TOR,SEA,3500000.0,0.525,23920.0,32,R,86524600.0,0.315,0.449,14.0,394.0
428,"Tejada, Miguel",2011,SD,SFG,6500000.0,0.556,28711.0,37,R,97828833.0,0.308,0.362,7.0,401.0
429,"Torrealba, Yorvit",2011,SD,TEX,3125000.0,0.556,28711.0,32,R,64810570.0,0.343,0.378,7.0,325.0
430,"Damon, Johnny",2011,DET,TB,5250000.0,0.5,30047.0,37,L,61523232.0,0.355,0.401,8.0,539.0
431,"Overbay, Lyle",2011,TOR,PIT,5000000.0,0.525,23920.0,34,L,34093838.0,0.329,0.433,20.0,534.0
432,"Matsui, Hideki",2011,LAA,OAK,4250000.0,0.494,35195.0,37,L,52099450.0,0.361,0.459,21.0,482.0
433,"Barajas, Rod",2011,LAD,LAD,3250000.0,0.494,38924.0,35,R,95143575.0,0.263,0.414,12.0,249.0
434,"Hall, Bill",2011,BOS,HOU,3250000.0,0.549,34948.0,31,R,92355500.0,0.316,0.456,18.0,344.0
435,"Hawpe, Brad",2011,TB,SD,3000000.0,0.593,24972.0,32,L,37415350.0,0.343,0.432,7.0,259.0
436,"Hernandez, Ramon",2011,CIN,CIN,3000000.0,0.562,27610.0,35,R,72386544.0,0.364,0.428,7.0,313.0
437,"Thome, Jim",2011,MIN,MIN,3000000.0,0.58,33574.0,40,L,97559167.0,0.412,0.627,25.0,276.0
438,"Blum, Geoff",2011,HOU,ARI,1350000.0,0.469,30325.0,38,L,75705833.0,0.321,0.356,2.0,202.0
439,"Renteria, Edgar",2011,SFG,CIN,2100000.0,0.568,34767.0,34,R,72386544.0,0.332,0.374,3.0,243.0
440,"Ramirez, Manmy",2011,CWS,TB,2000020.0,0.543,,39,R,61523232.0,,,,
441,"Cairo, Miguel",2011,CIN,CIN,2000000.0,0.562,27610.0,37,L,72386544.0,0.353,0.41,4.0,200.0
442,"Hairston, Jerry",2011,SD,WSH,2000000.0,0.556,28711.0,35,R,66275000.0,,,,
443,"Jones, Andruw",2011,CWS,NYY,2000000.0,0.543,,34,R,206333389.0,0.341,0.486,19.0,278.0
444,"Mora, Melvin",2011,COL,ARI,2000000.0,0.512,33707.0,39,R,75705833.0,0.358,0.421,7.0,316.0
445,"Varitek, Jason",2011,BOS,BOS,2000000.0,0.549,34948.0,39,R,162747333.0,0.293,0.473,7.0,112.0
446,"Nady, Xavier",2011,CHC,ARI,1750000.0,0.463,35043.0,32,R,75705833.0,0.306,0.353,6.0,317.0
447,"Ankiel, Rick",2011,ATL,WSH,1500000.0,0.562,31096.0,31,L,66275000.0,,,,
448,"Izturis, Cesar",2011,BAL,BAL,1500000.0,0.407,24693.0,31,R,81313500.0,0.277,0.268,1.0,473.0
449,"Hinske, Eric",2011,ATL,ATL,1450000.0,0.562,31096.0,33,L,84165421.0,0.338,0.456,11.0,281.0
450,"Counsell, Craig",2011,MIL,MIL,1400000.0,0.475,32474.0,40,L,81108278.0,0.322,0.319,2.0,204.0
451,"Kearns, Austin",2011,NYY,CLE,1300000.0,0.586,40715.0,31,R,61453967.0,0.354,0.419,8.0,301.0
452,"Blanco, Henry",2011,NYM,ARI,1250000.0,0.488,30841.0,39,R,75705833.0,0.271,0.3,2.0,130.0
453,"Bloomquist, Willie",2011,CIN,ARI,1050000.0,0.562,27610.0,33,R,75705833.0,0.296,0.388,3.0,170.0
454,"Branyan, Russell",2011,SEA,ARI,1000000.0,0.377,26778.0,35,L,75705833.0,0.319,0.483,15.0,205.0
455,"Burrell, Pat",2011,SFG,SFG,1000000.0,0.568,34767.0,34,R,97828833.0,0.364,0.509,18.0,289.0
456,"Cabrera, Orlando",2011,CIN,CLE,1000000.0,0.562,27610.0,36,R,61453967.0,0.303,0.354,4.0,494.0
457,"Laird, Gerald",2011,DET,STL,1000000.0,0.5,30047.0,31,R,93540751.0,0.263,0.304,5.0,270.0
458,"Thames, Marcus",2011,NYY,LAD,1000000.0,0.586,40715.0,34,R,95143575.0,0.35,0.491,12.0,212.0
459,"Patterson, Corey",2011,BAL,TOR,900000.0,0.407,24693.0,31,L,62640100.0,0.315,0.406,8.0,308.0
460,"Cantu, Jorge",2011,TEX,SD,850000.0,0.556,28747.0,29,R,37415350.0,0.31,0.409,10.0,374.0
461,"Treanor, Matt",2011,TEX,TEX,850000.0,0.556,28747.0,35,R,64810570.0,0.287,0.308,5.0,237.0
462,"Kotsay, Mark",2011,CWS,MIL,800000.0,0.543,,35,L,81108278.0,0.306,0.376,8.0,327.0
463,"Punto, Nick",2011,MIN,STL,750000.0,0.58,33574.0,33,L,93540751.0,0.313,0.302,1.0,252.0
