Player,year,Old Club,New Club,AAV,Win_Pct,Attendance,Age 7/1/24,Is_Left_Handed,New_Team_Payroll_Prev_Year,OBP,SLG,HR,PA,OBP_league,SLG_league
"Rendon, Anthony",2019,WSH,LAA,35000000.0,0.574,28476.0,30,0,159378583.0,0.412,0.598,34.0,545.0,0.2930795947901592,0.3799117221418234
"Donaldson, Josh",2019,ATL,MIN,23000000.0,0.599,30815.0,34,0,121276933.0,0.379,0.521,37.0,549.0,0.2930795947901592,0.3799117221418234
"Grandal, Yasmani",2019,MIL,CWS,18250000.0,0.549,32909.0,31,0,89354534.0,0.38,0.468,28.0,513.0,0.2930795947901592,0.3799117221418234
"Castellanos, Nick",2019,CHC,CIN,16000000.0,0.519,35831.0,28,0,126423214.0,0.328,0.462,11.0,403.0,0.2930795947901592,0.3799117221418234
"Moustakas, Mike",2019,MIL,CIN,16000000.0,0.549,32909.0,31,1,126423214.0,0.329,0.516,35.0,523.0,0.2930795947901592,0.3799117221418234
"Abreu, Jose",2019,CWS,CWS,16666666.67,0.414,,33,0,89354534.0,0.33,0.503,33.0,634.0,0.2930795947901592,0.3799117221418234
"Garcia, Avisail",2019,TB,MIL,10000000.0,0.593,20365.0,29,0,124755400.0,0.332,0.464,20.0,489.0,0.2930795947901592,0.3799117221418234
"Ozuna, Marcell",2019,STL,ATL,18000000.0,0.562,36207.0,29,0,113778369.0,0.328,0.472,29.0,485.0,0.2930795947901592,0.3799117221418234
"Dickerson, Corey",2019,PHI,MIA,8750000.0,0.5,31315.0,31,1,72449404.0,0.307,0.579,8.0,133.0,0.2930795947901592,0.3799117221418234
"Calhoun, Kole",2019,LAA,ARI,8000000.0,0.444,32085.0,32,1,123932983.0,0.325,0.467,33.0,552.0,0.2930795947901592,0.3799117221418234
"Gregorius, Didi",2019,NYY,PHI,14000000.0,0.636,36258.0,30,1,140711962.0,0.276,0.441,16.0,324.0,0.2930795947901592,0.3799117221418234
"Gardner, Brett",2019,NYY,NYY,12500000.0,0.636,36258.0,36,1,208084848.0,0.325,0.503,28.0,491.0,0.2930795947901592,0.3799117221418234
"Encarnacion, Edwin",2019,NYY,CWS,12000000.0,0.636,36258.0,37,0,89354534.0,0.356,0.531,21.0,241.0,0.2930795947901592,0.3799117221418234
"Castro, Starlin",2019,MIA,WSH,6000000.0,0.352,18858.0,30,0,161877935.0,0.3,0.436,22.0,636.0,0.2930795947901592,0.3799117221418234
"Gomes, Yan",2019,WSH,WSH,5000000.0,0.574,28476.0,32,0,161877935.0,0.316,0.389,12.0,314.0,0.2930795947901592,0.3799117221418234
"Maldonado, Martin",2019,HOU,HOU,3500000.0,0.66,30817.0,33,0,160774666.0,0.291,0.366,6.0,238.0,0.2930795947901592,0.3799117221418234
"Castro, Jason",2019,MIN,LAA,6850000.0,0.623,25928.0,33,1,159378583.0,0.332,0.435,13.0,237.0,0.2930795947901592,0.3799117221418234
"Chirinos, Robinson",2019,HOU,TEX,6750000.0,0.66,30817.0,36,0,127660652.0,0.347,0.443,17.0,366.0,0.2930795947901592,0.3799117221418234
"Kendrick, Howie",2019,WSH,WSH,6250000.0,0.574,28476.0,36,0,161877935.0,0.395,0.572,17.0,334.0,0.2930795947901592,0.3799117221418234
"Flores, Wilmer",2019,ARI,SFG,3125000.0,0.525,27678.0,28,0,178286222.0,0.361,0.487,9.0,265.0,0.2930795947901592,0.3799117221418234
"Schoop, Jonathan",2019,MIN,DET,6100000.0,0.623,25928.0,28,0,116478400.0,0.304,0.473,23.0,433.0,0.2930795947901592,0.3799117221418234
"Smoak, Justin",2019,TOR,MIL,5000000.0,0.414,23755.0,33,1,124755400.0,0.342,0.406,22.0,414.0,0.2930795947901592,0.3799117221418234
"Frazier, Todd",2019,NYM,TEX,5000000.0,0.531,29975.0,34,0,127660652.0,0.329,0.443,21.0,447.0,0.2930795947901592,0.3799117221418234
"Sogard, Eric",2019,TB,MIL,4500000.0,0.593,20365.0,34,1,124755400.0,0.363,0.477,10.0,287.0,0.2930795947901592,0.3799117221418234
"Avila, Alex",2019,ARI,MIN,4250000.0,0.525,27678.0,33,1,121276933.0,0.353,0.421,9.0,164.0,0.2930795947901592,0.3799117221418234
"Romine, Austin",2019,NYY,DET,4150000.0,0.636,36258.0,31,0,116478400.0,0.31,0.439,8.0,228.0,0.2930795947901592,0.3799117221418234
"Flowers, Tyler",2019,ATL,ATL,4000000.0,0.599,30815.0,34,0,113778369.0,0.319,0.413,11.0,271.0,0.2930795947901592,0.3799117221418234
"Markakis, Nick",2019,ATL,ATL,4000000.0,0.599,30815.0,36,1,113778369.0,0.356,0.42,9.0,414.0,0.2930795947901592,0.3799117221418234
"Gordon, Alex",2019,KCR,KCR,4000000.0,,,36,1,,0.345,0.396,13.0,556.0,0.2930795947901592,0.3799117221418234
"Thames, Eric",2019,MIL,WSH,4000000.0,0.549,32909.0,33,1,161877935.0,0.346,0.505,25.0,396.0,0.2930795947901592,0.3799117221418234
"Holt, Brock",2019,BOS,MIL,3250000.0,0.519,32066.0,32,1,124755400.0,0.369,0.402,3.0,259.0,0.2930795947901592,0.3799117221418234
"Vogt, Stephen",2019,SFG,ARI,3000000.0,0.475,32940.0,35,1,123932983.0,0.314,0.49,10.0,255.0,0.2930795947901592,0.3799117221418234
"Iglesias, Jose",2019,CIN,BAL,3000000.0,0.463,26377.0,30,0,72722906.0,0.318,0.407,11.0,504.0,0.2930795947901592,0.3799117221418234
"Moreland, Mitch",2019,BOS,BOS,3000000.0,0.519,32066.0,34,1,222171123.0,0.328,0.507,19.0,298.0,0.2930795947901592,0.3799117221418234
"Pence, Hunter",2019,TEX,SFG,3000000.0,0.481,26466.0,37,0,178286222.0,0.358,0.552,18.0,286.0,0.2930795947901592,0.3799117221418234
"Cabrera, Asdrubal",2019,WSH,WSH,2500000.0,0.574,28476.0,34,1,161877935.0,0.318,0.393,12.0,323.0,0.2930795947901592,0.3799117221418234
"Cervelli, Francisco",2019,ATL,MIA,2000000.0,0.599,30815.0,34,0,72449404.0,0.279,0.248,1.0,109.0,0.2930795947901592,0.3799117221418234
"Gyorko, Jedd",2019,LAD,MIL,2000000.0,0.654,41246.0,31,0,124755400.0,0.274,0.304,2.0,56.0,0.2930795947901592,0.3799117221418234
"Miller, Brad",2019,PHI,PHI,2000000.0,0.5,31315.0,30,1,140711962.0,0.331,0.61,12.0,118.0,0.2930795947901592,0.3799117221418234
"Dyson, Jarrod",2019,ARI,PIT,2000000.0,0.525,27678.0,35,1,76589154.0,0.313,0.32,7.0,400.0,0.2930795947901592,0.3799117221418234
"Wieters, Matt",2019,STL,STL,2000000.0,0.562,36207.0,34,1,162830430.0,0.268,0.435,11.0,168.0,0.2930795947901592,0.3799117221418234
"Zimmerman, Ryan",2019,WSH,WSH,2000000.0,0.574,28476.0,35,0,161877935.0,0.321,0.415,6.0,171.0,0.2930795947901592,0.3799117221418234
"Maybin, Cameron",2019,NYY,DET,1500000.0,0.636,36258.0,33,0,116478400.0,0.364,0.494,11.0,239.0,0.2930795947901592,0.3799117221418234
"Joyce, Matt",2019,ATL,MIA,1500000.0,0.599,30815.0,35,1,72449404.0,0.408,0.45,7.0,200.0,0.2930795947901592,0.3799117221418234
"Hechavarria, Adeiny",2019,ATL,ATL,1000000.0,0.599,30815.0,31,0,113778369.0,0.252,0.359,5.0,142.0,0.2930795947901592,0.3799117221418234
"Harper, Bryce",2018,WSH,PHI,25384615.38,0.506,29861.0,26,1,135000000.0,0.393,0.496,34.0,550.0,0.2987997076023391,0.3700672514619883
"Machado, Manny",2018,LAD,SD,30000000.0,0.564,40226.0,26,0,92000000.0,0.387,0.575,24.0,365.0,0.2987997076023391,0.3700672514619883
"Pollock, A.J.",2018,ARI,LAD,13750000.0,0.506,29760.0,31,0,195400000.0,,,,,0.2987997076023391,0.3700672514619883
"McCutchen, Andrew",2018,NYY,PHI,16666666.67,0.617,36880.0,32,0,135000000.0,0.357,0.415,15.0,482.0,0.2987997076023391,0.3700672514619883
"Brantley, Michael",2018,CLE,HOU,16000000.0,0.562,25092.0,32,1,160000000.0,0.364,0.468,17.0,570.0,0.2987997076023391,0.3700672514619883
"Murphy, Daniel",2018,CHC,COL,12000000.0,0.583,35834.0,34,1,141000000.0,0.341,0.442,6.0,190.0,0.2987997076023391,0.3700672514619883
"LeMahieu, DJ",2018,COL,NYY,12000000.0,0.558,34402.0,30,0,193400000.0,0.321,0.428,15.0,533.0,0.2987997076023391,0.3700672514619883
"Donaldson, Josh",2018,CLE,ATL,23000000.0,0.562,25092.0,33,0,141000000.0,0.333,0.423,5.0,137.0,0.2987997076023391,0.3700672514619883
"Gonzalez, Marwin",2018,HOU,MIN,10500000.0,0.636,32844.0,30,1,130000000.0,0.324,0.409,16.0,489.0,0.2987997076023391,0.3700672514619883
"Lowrie, Jed",2018,HOU,NYM,10000000.0,0.636,32844.0,35,1,150000000.0,0.353,0.448,23.0,596.0,0.2987997076023391,0.3700672514619883
"Ramos, Wilson",2018,PHI,NYM,9500000.0,0.494,27853.0,31,0,150000000.0,0.346,0.488,14.0,293.0,0.2987997076023391,0.3700672514619883
"Grandal, Yasmani",2018,LAD,MIL,18250000.0,0.564,40226.0,30,0,90000000.0,0.349,0.466,24.0,440.0,0.2987997076023391,0.3700672514619883
"Cruz, Nelson",2018,SEA,MIN,14300000.0,0.549,27785.0,38,0,130000000.0,0.342,0.509,37.0,519.0,0.2987997076023391,0.3700672514619883
"Moustakas, Mike",2018,MIL,MIL,10000000.0,0.589,32098.0,30,1,90000000.0,0.309,0.468,20.0,378.0,0.2987997076023391,0.3700672514619883
"Suzuki, Kurt",2018,ATL,WSH,5000000.0,0.556,29689.0,35,0,197000000.0,0.332,0.444,12.0,347.0,0.2987997076023391,0.3700672514619883
"Dozier, Brian",2018,LAD,WSH,9000000.0,0.564,40226.0,32,0,197000000.0,0.307,0.405,16.0,410.0,0.2987997076023391,0.3700672514619883
"Kinsler, Ian",2018,BOS,SD,4000000.0,0.667,32870.0,37,0,92000000.0,0.304,0.406,13.0,355.0,0.2987997076023391,0.3700672514619883
"Gardner, Brett",2018,NYY,NYY,7500000.0,0.617,36880.0,35,1,193400000.0,0.322,0.368,12.0,530.0,0.2987997076023391,0.3700672514619883
"Pearce, Steve",2018,BOS,BOS,6250000.0,0.667,32870.0,36,0,214291339.0,0.394,0.507,7.0,136.0,0.2987997076023391,0.3700672514619883
"Mathis, Jeff",2018,ARI,TEX,3125000.0,0.506,29760.0,36,0,133000000.0,0.272,0.272,1.0,195.0,0.2987997076023391,0.3700672514619883
"Markakis, Nick",2018,ATL,ATL,6000000.0,0.556,29689.0,35,1,141000000.0,0.366,0.44,14.0,623.0,0.2987997076023391,0.3700672514619883
"Chirinos, Robinson",2018,TEX,HOU,5750000.0,0.414,26241.0,35,0,160000000.0,0.338,0.419,18.0,360.0,0.2987997076023391,0.3700672514619883
"Mercer, Jordy",2018,PIT,DET,5250000.0,0.509,25155.0,32,0,105000000.0,0.315,0.381,6.0,394.0,0.2987997076023391,0.3700672514619883
"Galvis, Freddy",2018,SD,TOR,5000000.0,0.407,28795.0,29,1,95212562.0,0.299,0.38,13.0,602.0,0.2987997076023391,0.3700672514619883
"Descalso, Daniel",2018,ARI,CHC,2500000.0,0.506,29760.0,32,1,182444174.0,0.353,0.436,13.0,349.0,0.2987997076023391,0.3700672514619883
"Freese, David",2018,LAD,LAD,4500000.0,0.564,40226.0,36,0,195400000.0,0.336,0.444,9.0,241.0,0.2987997076023391,0.3700672514619883
"Jay, Jon",2018,ARI,CWS,4000000.0,0.506,29760.0,34,1,75000000.0,0.304,0.325,2.0,289.0,0.2987997076023391,0.3700672514619883
"Adams, Matt",2018,STL,WSH,4000000.0,0.543,35646.0,30,1,197000000.0,0.332,0.51,18.0,249.0,0.2987997076023391,0.3700672514619883
"Cabrera, Asdrubal",2018,PHI,TEX,3500000.0,0.494,27853.0,33,1,133000000.0,0.329,0.488,18.0,375.0,0.2987997076023391,0.3700672514619883
"Lucroy, Jonathan",2018,OAK,LAA,3350000.0,0.599,24058.0,33,0,166000000.0,0.291,0.325,4.0,415.0,0.2987997076023391,0.3700672514619883
"Jones, Adam",2018,BAL,ARI,3000000.0,0.29,23696.0,33,0,131000000.0,0.313,0.419,15.0,580.0,0.2987997076023391,0.3700672514619883
"Kang, Jung Ho",2018,PIT,PIT,3000000.0,0.509,25155.0,32,0,90000000.0,0.333,0.333,0.0,6.0,0.2987997076023391,0.3700672514619883
"Chisenhall, Lonnie",2018,CLE,PIT,2750000.0,0.562,25092.0,30,1,90000000.0,0.394,0.452,1.0,84.0,0.2987997076023391,0.3700672514619883
"Maldonado, Martin",2018,HOU,KCR,2500000.0,0.636,32844.0,32,0,,0.284,0.332,5.0,265.0,0.2987997076023391,0.3700672514619883
"McCann, Brian",2018,HOU,ATL,2000000.0,0.636,32844.0,35,1,141000000.0,0.301,0.339,7.0,189.0,0.2987997076023391,0.3700672514619883
"Harrison, Josh",2018,PIT,DET,2000000.0,0.509,25155.0,31,0,105000000.0,0.293,0.363,8.0,344.0,0.2987997076023391,0.3700672514619883
"Walker, Neil",2018,NYY,MIA,2000000.0,0.617,36880.0,33,1,69000000.0,0.309,0.354,11.0,347.0,0.2987997076023391,0.3700672514619883
"Hosmer, Eric",2017,KCR,SD,20571428.57,,,28,1,92500000.0,0.385,0.498,25.0,603.0,0.3015230312035661,0.3829851411589896
"Martinez, J.D.",2017,ARI,BOS,22000000.0,0.574,29144.0,30,0,199289417.0,0.366,0.741,29.0,232.0,0.3015230312035661,0.3829851411589896
"Cain, Lorenzo",2017,KCR,MIL,16000000.0,,,32,0,83000000.0,0.363,0.44,15.0,584.0,0.3015230312035661,0.3829851411589896
"Santana, Carlos",2017,CLE,PHI,20000000.0,0.63,26499.0,32,0,118244028.0,0.363,0.455,23.0,571.0,0.3015230312035661,0.3829851411589896
"Bruce, Jay",2017,CLE,NYM,13000000.0,0.63,26499.0,31,1,155168524.0,0.321,0.52,29.0,406.0,0.3015230312035661,0.3829851411589896
"Cozart, Zack",2017,CIN,LAA,12666666.67,0.42,27386.0,32,0,166770095.0,0.385,0.548,24.0,438.0,0.3015230312035661,0.3829851411589896
"Frazier, Todd",2017,NYY,NYM,8500000.0,0.562,36048.0,32,0,155168524.0,0.328,0.432,16.0,280.0,0.3015230312035661,0.3829851411589896
"Alonso, Yonder",2017,SEA,CLE,8000000.0,0.481,26579.0,31,1,124000000.0,0.369,0.527,22.0,319.0,0.3015230312035661,0.3829851411589896
"Castillo, Welington",2017,BAL,CWS,7500000.0,0.463,27250.0,31,0,97166734.0,0.323,0.49,20.0,341.0,0.3015230312035661,0.3829851411589896
"Moreland, Mitch",2017,BOS,BOS,6500000.0,0.574,33792.0,32,1,199289417.0,0.326,0.443,22.0,508.0,0.3015230312035661,0.3829851411589896
"Iannetta, Chris",2017,ARI,COL,4250000.0,0.574,29144.0,35,0,127982500.0,0.354,0.511,17.0,272.0,0.3015230312035661,0.3829851411589896
"Avila, Alex",2017,CHC,ARI,4125000.0,0.568,36980.0,31,1,93000000.0,0.394,0.475,11.0,219.0,0.3015230312035661,0.3829851411589896
"Dyson, Jarrod",2017,SEA,ARI,3750000.0,0.481,26579.0,33,1,93000000.0,0.324,0.35,5.0,346.0,0.3015230312035661,0.3829851411589896
"Kendrick, Howie",2017,WSH,WSH,3500000.0,0.599,30570.0,34,0,164273093.0,0.343,0.494,7.0,164.0,0.3015230312035661,0.3829851411589896
"Moustakas, Mike",2017,KCR,KCR,6500000.0,,,29,1,,0.314,0.521,38.0,555.0,0.3015230312035661,0.3829851411589896
"Morrison, Logan",2017,TB,MIN,6500000.0,0.494,22828.0,30,1,108000000.0,0.353,0.516,38.0,512.0,0.3015230312035661,0.3829851411589896
"Lucroy, Jonathan",2017,COL,OAK,6500000.0,0.537,33520.0,32,0,83532178.0,0.297,0.338,4.0,281.0,0.3015230312035661,0.3829851411589896
"Jackson, Austin",2017,CLE,SFG,3000000.0,0.63,26499.0,31,0,186408333.0,0.387,0.482,7.0,280.0,0.3015230312035661,0.3829851411589896
"Gonzalez, Carlos",2017,COL,COL,5000000.0,0.537,33520.0,32,1,127982500.0,0.339,0.423,14.0,470.0,0.3015230312035661,0.3829851411589896
"Granderson, Curtis",2017,LAD,TOR,5000000.0,0.642,40035.0,37,1,170299633.0,0.334,0.481,19.0,337.0,0.3015230312035661,0.3829851411589896
"Nunez, Eduardo",2017,BOS,BOS,4000000.0,0.574,33792.0,31,0,199289417.0,0.334,0.417,4.0,302.0,0.3015230312035661,0.3829851411589896
"Walker, Neil",2017,MIL,NYY,4000000.0,0.531,31060.0,32,0,208398589.0,0.339,0.442,10.0,265.0,0.3015230312035661,0.3829851411589896
"Gomez, Carlos",2017,TEX,TB,4000000.0,0.481,28829.0,32,0,64983275.0,0.34,0.462,17.0,368.0,0.3015230312035661,0.3829851411589896
"Duda, Lucas",2017,TB,KCR,3500000.0,0.494,22828.0,32,1,,0.347,0.532,17.0,252.0,0.3015230312035661,0.3829851411589896
"Maybin, Cameron",2017,HOU,MIA,3250000.0,0.623,28689.0,31,0,75000000.0,0.333,0.351,6.0,336.0,0.3015230312035661,0.3829851411589896
"Jay, Jon",2017,CHC,KCR,3000000.0,0.568,36980.0,33,1,,0.374,0.375,2.0,379.0,0.3015230312035661,0.3829851411589896
"Rivera, Rene",2017,CHC,LAA,2800000.0,0.568,36980.0,34,0,166770095.0,0.278,0.391,8.0,174.0,0.3015230312035661,0.3829851411589896
"Escobar, Alcides",2017,KCR,KCR,2500000.0,,,31,0,,0.272,0.357,6.0,599.0,0.3015230312035661,0.3829851411589896
"Hundley, Nick",2017,SFG,SFG,2500000.0,0.395,36081.0,34,0,186408333.0,0.272,0.418,9.0,287.0,0.3015230312035661,0.3829851411589896
"Young, Chris",2017,BOS,LAA,2000000.0,0.574,33792.0,34,0,166770095.0,0.322,0.387,7.0,243.0,0.3015230312035661,0.3829851411589896
"Reyes, Jose",2017,NYM,NYM,2000000.0,0.432,30563.0,35,0,155168524.0,0.315,0.413,15.0,501.0,0.3015230312035661,0.3829851411589896
"Utley, Chase",2017,LAD,LAD,1000000.0,0.642,40035.0,39,1,186295194.0,0.324,0.405,8.0,309.0,0.3015230312035661,0.3829851411589896
"Suzuki, Ichiro",2017,MIA,SEA,750000.0,0.475,24750.0,44,1,154286166.0,0.318,0.332,3.0,196.0,0.3015230312035661,0.3829851411589896
"Stewart, Chris",2017,PIT,ATL,575000.0,0.463,28164.0,36,0,122482500.0,0.241,0.221,0.0,131.0,0.3015230312035661,0.3829851411589896
"Cespedes, Yoenis",2016,NYM,NYM,27500000.0,0.537,32830.0,31,0,135045000.0,0.354,0.53,31.0,479.0,0.2971642011834319,0.3698934911242603
"Fowler, Dexter",2016,CHC,STL,16500000.0,0.64,37479.0,31,1,145562503.0,0.393,0.447,13.0,456.0,0.2971642011834319,0.3698934911242603
"Desmond, Ian",2016,TEX,COL,14000000.0,0.586,30511.0,31,0,112868571.0,0.335,0.446,22.0,625.0,0.2971642011834319,0.3698934911242603
"Turner, Justin",2016,LAD,LAD,16000000.0,0.562,39339.0,32,0,252551802.0,0.339,0.493,27.0,556.0,0.2971642011834319,0.3698934911242603
"Encarnacion, Edwin",2016,TOR,CLE,20000000.0,0.549,35972.0,34,0,96255999.0,0.357,0.529,42.0,601.0,0.2971642011834319,0.3698934911242603
"Reddick, Josh",2016,LAD,HOU,13000000.0,0.562,39339.0,30,1,103060600.0,0.368,0.449,8.0,243.0,0.2971642011834319,0.3698934911242603
"Trumbo, Mark",2016,BAL,BAL,12500000.0,0.549,29307.0,31,0,67000000.0,0.316,0.533,47.0,613.0,0.2971642011834319,0.3698934911242603
"Morales, Kendrys",2016,KCR,TOR,11000000.0,,,34,1,137982500.0,0.327,0.468,30.0,558.0,0.2971642011834319,0.3698934911242603
"Castro, Jason",2016,HOU,MIN,8166666.667,0.519,28258.0,30,1,104000000.0,0.307,0.377,11.0,329.0,0.2971642011834319,0.3698934911242603
"Wieters, Matt",2016,BAL,WSH,10500000.0,0.549,29307.0,31,1,145888044.0,0.302,0.409,17.0,423.0,0.2971642011834319,0.3698934911242603
"Bautista, Jose",2016,TOR,TOR,18500000.0,0.549,35972.0,36,0,137982500.0,0.366,0.452,22.0,423.0,0.2971642011834319,0.3698934911242603
"Walker, Neil",2016,NYM,NYM,17200000.0,0.537,32830.0,31,0,135045000.0,0.347,0.476,23.0,412.0,0.2971642011834319,0.3698934911242603
"Beltran, Carlos",2016,TEX,HOU,16000000.0,0.586,30511.0,40,0,103060600.0,0.344,0.546,22.0,359.0,0.2971642011834319,0.3698934911242603
"Valbuena, Luis",2016,HOU,LAA,7500000.0,0.519,28258.0,31,1,164670833.0,0.357,0.459,13.0,292.0,0.2971642011834319,0.3698934911242603
"Holliday, Matt",2016,STL,NYY,13000000.0,0.531,36844.0,37,0,227365789.0,0.322,0.461,20.0,382.0,0.2971642011834319,0.3698934911242603
"Ramos, Wilson",2016,WSH,TB,6250000.0,0.586,30152.0,29,0,82562176.0,0.354,0.496,22.0,482.0,0.2971642011834319,0.3698934911242603
"Pearce, Steve",2016,BAL,TOR,6250000.0,0.549,29307.0,34,0,137982500.0,0.388,0.52,10.0,204.0,0.2971642011834319,0.3698934911242603
"Moss, Brandon",2016,STL,KCR,6000000.0,0.531,36844.0,33,1,,0.3,0.484,28.0,413.0,0.2971642011834319,0.3698934911242603
"Gomez, Carlos",2016,TEX,TEX,11500000.0,0.586,30511.0,31,0,168133332.0,0.272,0.322,5.0,295.0,0.2971642011834319,0.3698934911242603
"Rodriguez, Sean",2016,PIT,ATL,5750000.0,0.484,29061.0,32,0,112000000.0,0.349,0.51,18.0,300.0,0.2971642011834319,0.3698934911242603
"Joyce, Matt",2016,PIT,OAK,5500000.0,0.484,29061.0,32,1,86568000.0,0.403,0.463,13.0,231.0,0.2971642011834319,0.3698934911242603
"Saunders, Michael",2016,TOR,PHI,9000000.0,0.549,35972.0,30,1,135996746.0,0.338,0.478,24.0,490.0,0.2971642011834319,0.3698934911242603
"Napoli, Mike",2016,CLE,TEX,8500000.0,0.584,23249.0,35,0,168133332.0,0.335,0.465,34.0,557.0,0.2971642011834319,0.3698934911242603
"Jay, Jon",2016,SD,CHC,8000000.0,0.42,30938.0,32,1,171490867.0,0.339,0.389,2.0,347.0,0.2971642011834319,0.3698934911242603
"Davis, Rajai",2016,CLE,OAK,6000000.0,0.584,23249.0,36,0,86568000.0,0.306,0.388,12.0,454.0,0.2971642011834319,0.3698934911242603
"Moreland, Mitch",2016,TEX,BOS,5500000.0,0.586,30511.0,31,1,197872500.0,0.298,0.422,22.0,460.0,0.2971642011834319,0.3698934911242603
"Rasmus, Colby",2016,HOU,TB,5000000.0,0.519,28258.0,30,1,82562176.0,0.286,0.355,15.0,369.0,0.2971642011834319,0.3698934911242603
"Mathis, Jeff",2016,MIA,ARI,2000000.0,0.491,24979.0,34,0,100429833.0,0.267,0.333,2.0,126.0,0.2971642011834319,0.3698934911242603
"Butera, Drew",2016,KCR,KCR,1900000.0,,,33,0,,0.328,0.48,4.0,123.0,0.2971642011834319,0.3698934911242603
"Drew, Stephen",2016,WSH,WSH,3500000.0,0.586,30152.0,34,1,145888044.0,0.339,0.524,8.0,143.0,0.2971642011834319,0.3698934911242603
"Blanco, Andres",2016,PHI,PHI,3000000.0,0.438,27213.0,33,1,135996746.0,0.316,0.405,4.0,190.0,0.2971642011834319,0.3698934911242603
"Gutierrez, Franklin",2016,SEA,LAD,2600000.0,0.531,28154.0,34,0,252551802.0,0.329,0.452,14.0,248.0,0.2971642011834319,0.3698934911242603
"Ellis, A.J.",2016,PHI,MIA,2500000.0,0.438,27213.0,36,0,59897777.0,0.285,0.252,1.0,139.0,0.2971642011834319,0.3698934911242603
"Morrison, Logan",2016,TB,TB,2500000.0,0.42,22985.0,29,1,82562176.0,0.319,0.414,14.0,353.0,0.2971642011834319,0.3698934911242603
"Avila, Alex",2016,CWS,DET,2000000.0,0.481,,30,1,103000000.0,0.359,0.373,7.0,169.0,0.2971642011834319,0.3698934911242603
"Utley, Chase",2016,LAD,LAD,2000000.0,0.562,39339.0,38,1,252551802.0,0.319,0.396,14.0,512.0,0.2971642011834319,0.3698934911242603
"Hundley, Nick",2016,COL,SFG,2000000.0,0.463,31796.0,33,0,172672111.0,0.32,0.439,10.0,289.0,0.2971642011834319,0.3698934911242603
"Iannetta, Chris",2016,SEA,ARI,1500000.0,0.531,28154.0,34,0,100429833.0,0.303,0.329,7.0,295.0,0.2971642011834319,0.3698934911242603
"Descalso, Daniel",2016,COL,ARI,1500000.0,0.463,31796.0,30,1,100429833.0,0.349,0.424,8.0,250.0,0.2971642011834319,0.3698934911242603
"Suzuki, Kurt",2016,MIN,ATL,1500000.0,0.364,25801.0,33,0,112000000.0,0.301,0.403,8.0,345.0,0.2971642011834319,0.3698934911242603
"Lind, Adam",2016,SEA,WSH,1500000.0,0.531,28154.0,33,1,145888044.0,0.286,0.431,20.0,401.0,0.2971642011834319,0.3698934911242603
"Heisey, Chris",2016,WSH,WSH,1400000.0,0.586,30152.0,32,0,145888044.0,0.29,0.446,9.0,139.0,0.2971642011834319,0.3698934911242603
"Rosales, Adam",2016,SD,OAK,1250000.0,0.42,30938.0,34,0,86568000.0,0.319,0.495,13.0,214.0,0.2971642011834319,0.3698934911242603
"Heyward, Jason",2015,STL,CHC,23000000.0,0.617,37430.0,26,1,120336096.0,0.359,0.439,13.0,547.0,0.2929682080924855,0.3636054913294798
"Davis, Chris",2015,BAL,BAL,23000000.0,0.5,29040.0,30,1,60000000.0,0.361,0.562,47.0,573.0,0.2929682080924855,0.3636054913294798
"Upton, Justin",2015,SD,DET,22125000.0,0.457,31044.0,28,0,111000000.0,0.336,0.454,26.0,542.0,0.2929682080924855,0.3636054913294798
"Cespedes, Yoenis",2015,NYM,NYM,25000000.0,0.556,31209.0,30,0,101409244.0,0.323,0.506,18.0,403.0,0.2929682080924855,0.3636054913294798
"Gordon, Alex",2015,KCR,KCR,18000000.0,,,32,1,,0.377,0.432,13.0,354.0,0.2929682080924855,0.3636054913294798
"Zobrist, Ben",2015,KCR,CHC,14000000.0,,,35,1,120336096.0,0.354,0.447,6.0,235.0,0.2929682080924855,0.3636054913294798
"Murphy, Daniel",2015,NYM,WSH,12500000.0,0.556,31209.0,31,1,163324928.0,0.322,0.449,14.0,499.0,0.2929682080924855,0.3636054913294798
"Span, Denard",2015,WSH,SFG,10333333.33,0.512,31293.0,32,1,169862298.0,0.365,0.431,5.0,246.0,0.2929682080924855,0.3636054913294798
"Parra, Gerardo",2015,BAL,COL,9166666.667,0.5,29040.0,29,1,97281571.0,0.369,0.517,9.0,323.0,0.2929682080924855,0.3636054913294798
"Kendrick, Howie",2015,LAD,LAD,10000000.0,0.568,40502.0,32,0,291085107.0,0.336,0.409,9.0,464.0,0.2929682080924855,0.3636054913294798
"Cabrera, Asdrubal",2015,TB,NYM,9250000.0,0.494,21796.0,30,0,101409244.0,0.315,0.43,15.0,505.0,0.2929682080924855,0.3636054913294798
"Wieters, Matt",2015,BAL,BAL,15800000.0,0.5,29040.0,30,1,60000000.0,0.319,0.422,8.0,258.0,0.2929682080924855,0.3636054913294798
"Rasmus, Colby",2015,HOU,HOU,15800000.0,0.531,27354.0,29,1,69060600.0,0.314,0.475,25.0,432.0,0.2929682080924855,0.3636054913294798
"Fowler, Dexter",2015,CHC,CHC,13000000.0,0.599,35488.0,30,0,120336096.0,0.346,0.411,17.0,596.0,0.2929682080924855,0.3636054913294798
"Young, Chris",2015,,BOS,6500000.0,,,32,0,187407202.0,0.32,0.453,14.0,318.0,0.2929682080924855,0.3636054913294798
"Desmond, Ian",2015,WSH,TEX,8000000.0,0.512,31293.0,30,0,141641237.0,0.29,0.384,19.0,583.0,0.2929682080924855,0.3636054913294798
"Jaso, John",2015,TB,PIT,4000000.0,0.494,21796.0,32,1,86373388.0,0.38,0.459,5.0,185.0,0.2929682080924855,0.3636054913294798
"Napoli, Mike",2015,TEX,CLE,7000000.0,0.543,29918.0,34,0,87325800.0,0.307,0.386,13.0,329.0,0.2929682080924855,0.3636054913294798
"Utley, Chase",2015,LAD,LAD,7000000.0,0.568,40502.0,37,1,291085107.0,0.284,0.333,5.0,249.0,0.2929682080924855,0.3636054913294798
"De Aza, Alejandro",2015,SFG,NYM,5750000.0,0.519,37899.0,32,1,101409244.0,0.347,0.484,4.0,161.0,0.2929682080924855,0.3636054913294798
"Aoki, Nori",2015,SFG,SEA,5500000.0,0.519,37899.0,34,1,123277777.0,,,,,0.2929682080924855,0.3636054913294798
"Davis, Rajai",2015,DET,CLE,5250000.0,0.46,31711.0,35,0,87325800.0,0.306,0.44,8.0,341.0,0.2929682080924855,0.3636054913294798
"Jackson, Austin",2015,CHC,CWS,5000000.0,0.599,35488.0,29,0,75130500.0,0.312,0.387,8.0,419.0,0.2929682080924855,0.3636054913294798
"Pena, Brayan",2015,CIN,STL,2500000.0,0.395,30965.0,34,0,122998726.0,0.334,0.324,0.0,333.0,0.2929682080924855,0.3636054913294798
"Pearce, Steve",2015,BAL,TB,4750000.0,0.5,29040.0,33,0,72355877.0,0.289,0.422,15.0,294.0,0.2929682080924855,0.3636054913294798
"Iannetta, Chris",2015,LAA,SEA,4250000.0,0.525,33076.0,33,0,123277777.0,0.293,0.335,10.0,272.0,0.2929682080924855,0.3636054913294798
"Navarro, Dioner",2015,TOR,CWS,4000000.0,0.574,31175.0,32,1,75130500.0,0.307,0.374,5.0,171.0,0.2929682080924855,0.3636054913294798
"Uribe, Juan",2015,,CLE,4000000.0,,,37,0,87325800.0,0.353,0.464,7.0,151.0,0.2929682080924855,0.3636054913294798
"Ramirez, Alexei",2015,CWS,SD,4000000.0,0.469,,34,0,89000000.0,0.285,0.357,10.0,583.0,0.2929682080924855,0.3636054913294798
"Pennington, Cliff",2015,TOR,LAA,1875000.0,0.574,31175.0,32,1,146922583.0,0.314,0.281,1.0,135.0,0.2929682080924855,0.3636054913294798
"Freese, David",2015,LAA,PIT,3000000.0,0.525,33076.0,33,0,86373388.0,0.323,0.42,14.0,424.0,0.2929682080924855,0.3636054913294798
"Drew, Stephen",2015,NYY,WSH,3000000.0,0.537,35595.0,33,1,163324928.0,0.271,0.381,17.0,383.0,0.2929682080924855,0.3636054913294798
"Pierzynski, A.J.",2015,ATL,ATL,1500000.0,0.414,27373.0,39,1,107541781.0,0.339,0.43,9.0,407.0,0.2929682080924855,0.3636054913294798
"Soto, Geovany",2015,CWS,LAA,2800000.0,0.469,,33,0,146922583.0,0.301,0.406,9.0,187.0,0.2929682080924855,0.3636054913294798
"Reynolds, Mark",2015,STL,COL,2600000.0,0.617,37430.0,32,0,97281571.0,0.315,0.398,13.0,382.0,0.2929682080924855,0.3636054913294798
"Avila, Alex",2015,CWS,DET,2500000.0,0.469,,29,1,111000000.0,0.339,0.287,4.0,178.0,0.2929682080924855,0.3636054913294798
"Rodriguez, Sean",2015,PIT,PIT,2500000.0,0.605,31947.0,31,0,86373388.0,0.281,0.362,4.0,224.0,0.2929682080924855,0.3636054913294798
"Johnson, Kelly",2015,NYM,ATL,2000000.0,0.556,31209.0,34,1,107541781.0,0.321,0.451,9.0,182.0,0.2929682080924855,0.3636054913294798
"Aviles, Mike",2015,CLE,DET,2000000.0,0.503,23585.0,35,0,111000000.0,0.282,0.317,5.0,290.0,0.2929682080924855,0.3636054913294798
"Mathis, Jeff",2015,MIA,MIA,1500000.0,0.438,25400.0,33,0,68578500.0,0.214,0.29,2.0,93.0,0.2929682080924855,0.3636054913294798
"Gutierrez, Franklin",2015,SEA,SEA,1500000.0,0.469,28066.0,33,0,123277777.0,0.354,0.62,15.0,171.0,0.2929682080924855,0.3636054913294798
"Beckham, Gordon",2015,CWS,ATL,1250000.0,0.469,,29,0,107541781.0,0.275,0.332,6.0,211.0,0.2929682080924855,0.3636054913294798
"Morneau, Justin",2015,COL,CWS,1000000.0,0.42,31147.0,35,1,75130500.0,0.363,0.458,3.0,168.0,0.2929682080924855,0.3636054913294798
"Saltalamacchia, Jarrod",2015,ARI,DET,507500.0,0.488,29146.0,31,0,111000000.0,0.332,0.474,8.0,171.0,0.2929682080924855,0.3636054913294798
"Sandovol, Pablo",2014,SFG,BOS,19000000.0,0.543,37262.0,28,1,162817411.0,,,,,0.287257925072046,0.3416383285302594
"Ramirez, Hanley",2014,LAD,BOS,22000000.0,0.58,40262.0,31,0,162817411.0,0.369,0.448,13.0,449.0,0.287257925072046,0.3416383285302594
"Martin, Russell",2014,PIT,TOR,16400000.0,0.543,31715.0,32,0,91400000.0,0.402,0.43,11.0,379.0,0.287257925072046,0.3416383285302594
"Martinez, Victor",2014,DET,DET,16000000.0,0.556,32407.0,36,0,105800000.0,0.409,0.565,32.0,561.0,0.287257925072046,0.3416383285302594
"Cruz, Nelson",2014,BAL,SEA,14250000.0,0.593,30235.0,34,0,90038572.0,0.333,0.525,40.0,613.0,0.287257925072046,0.3416383285302594
"Headley, Chase",2014,NYY,NYY,13000000.0,0.519,38994.0,31,0,197449189.0,0.296,0.355,7.0,279.0,0.287257925072046,0.3416383285302594
"Markakis, Nick",2014,BAL,ATL,11000000.0,0.593,30235.0,31,1,113523347.0,0.342,0.386,14.0,642.0,0.287257925072046,0.3416383285302594
"Cabrera, Melky",2014,TOR,CWS,14000000.0,0.512,29518.0,30,1,73934500.0,0.351,0.458,16.0,568.0,0.287257925072046,0.3416383285302594
"Butler, Billy",2014,KCR,OAK,10000000.0,,,29,0,66347500.0,0.323,0.379,9.0,549.0,0.287257925072046,0.3416383285302594
"LaRoche, Adam",2014,WSH,CWS,12500000.0,0.593,30854.0,35,1,73934500.0,0.362,0.455,26.0,494.0,0.287257925072046,0.3416383285302594
"Lowrie, Jed",2014,OAK,HOU,7666666.667,0.543,26912.0,31,1,44552100.0,0.321,0.355,6.0,502.0,0.287257925072046,0.3416383285302594
"Cuddyer, Michael",2014,COL,NYM,10500000.0,0.407,32375.0,36,0,93897134.0,0.376,0.579,10.0,190.0,0.287257925072046,0.3416383285302594
"Morales, Kendrys",2014,SEA,KCR,8500000.0,0.537,26813.0,32,1,,0.285,0.347,7.0,213.0,0.287257925072046,0.3416383285302594
"Morse, Michael",2014,SFG,MIA,8000000.0,0.543,37262.0,33,0,63497466.0,,,,,0.287257925072046,0.3416383285302594
"Rios, Alex",2014,TOR,KCR,11000000.0,0.512,29518.0,34,0,,0.311,0.398,4.0,492.0,0.287257925072046,0.3416383285302594
"Hunter, Torii",2014,DET,MIN,10500000.0,0.556,32407.0,39,0,85776500.0,0.319,0.446,17.0,549.0,0.287257925072046,0.3416383285302594
"Rasmus, Colby",2014,TOR,HOU,8000000.0,0.512,29518.0,28,1,44552100.0,0.287,0.448,18.0,346.0,0.287257925072046,0.3416383285302594
"Cabrera, Asdrubal",2014,WSH,TB,7500000.0,0.593,30854.0,29,1,77367891.0,0.305,0.386,9.0,378.0,0.287257925072046,0.3416383285302594
"Hundley, Nick",2014,BAL,COL,6250000.0,0.593,30235.0,31,0,95832071.0,0.273,0.352,5.0,159.0,0.287257925072046,0.3416383285302594
"Drew, Stephen",2014,NYY,NYY,5000000.0,0.519,38994.0,32,1,197449189.0,0.219,0.271,3.0,140.0,0.287257925072046,0.3416383285302594
"Ross, David",2014,BOS,CHC,2500000.0,0.438,34181.0,38,0,92677368.0,0.26,0.368,7.0,152.0,0.287257925072046,0.3416383285302594
"Aoki, Nori",2014,KCR,SFG,4700000.0,,,33,1,154185878.0,,,,,0.287257925072046,0.3416383285302594
"Gomes, Jonny",2014,OAK,ATL,4000000.0,0.543,26912.0,34,0,113523347.0,0.329,0.354,6.0,209.0,0.287257925072046,0.3416383285302594
"Bonifacio, Emilio",2014,ATL,CWS,4000000.0,0.488,29934.0,30,1,73934500.0,0.318,0.373,2.0,276.0,0.287257925072046,0.3416383285302594
"Callaspo, Alberto",2014,OAK,ATL,3000000.0,0.543,26912.0,32,1,113523347.0,0.29,0.29,4.0,404.0,0.287257925072046,0.3416383285302594
"Denorfia, Chris",2014,SEA,CHC,2600000.0,0.537,26813.0,34,0,92677368.0,0.293,0.319,1.0,248.0,0.287257925072046,0.3416383285302594
"Young, Chris",2014,NYY,NYY,2500000.0,0.519,38994.0,31,0,197449189.0,0.283,0.346,8.0,254.0,0.287257925072046,0.3416383285302594
"Young, Delmon",2014,BAL,BAL,2250000.0,0.593,30235.0,29,0,90507876.0,,,,,0.287257925072046,0.3416383285302594
"Pierzynski, A.J.",2014,STL,ATL,2000000.0,0.556,37867.0,38,1,113523347.0,0.286,0.348,4.0,256.0,0.287257925072046,0.3416383285302594
"Suzuki, Ichiro",2014,NYY,MIA,2000000.0,0.519,38994.0,41,1,63497466.0,0.324,0.34,1.0,359.0,0.287257925072046,0.3416383285302594
"Weeks, Rickie",2014,MIL,SEA,2000000.0,0.506,33432.0,32,0,90038572.0,0.357,0.452,8.0,252.0,0.287257925072046,0.3416383285302594
"Reynolds, Mark",2014,MIL,STL,2000000.0,0.506,33432.0,31,0,111020360.0,0.287,0.394,22.0,378.0,0.287257925072046,0.3416383285302594
"Johnson, Kelly",2014,BAL,ATL,1500000.0,0.593,30235.0,33,1,113523347.0,0.304,0.373,6.0,201.0,0.287257925072046,0.3416383285302594
"Soto, Geovany",2014,OAK,CWS,1500000.0,0.543,26912.0,32,0,73934500.0,0.354,0.357,0.0,42.0,0.287257925072046,0.3416383285302594
"Barmes, Clint",2014,PIT,SD,1500000.0,0.543,31715.0,36,0,87451500.0,0.328,0.294,0.0,102.0,0.287257925072046,0.3416383285302594
"Laird, Gerald",2014,ATL,ARI,1000000.0,0.488,29934.0,35,0,112688666.0,0.275,0.257,0.0,152.0,0.287257925072046,0.3416383285302594
"Nieves, Wil",2014,PHI,SD,850000.0,0.451,30530.0,37,0,87451500.0,0.27,0.344,1.0,122.0,0.287257925072046,0.3416383285302594
"Kawasaki, Munenori",2014,TOR,TOR,825000.0,0.512,29518.0,34,1,91400000.0,0.327,0.296,0.0,240.0,0.287257925072046,0.3416383285302594
"Cano, Robinson",2013,NYY,SEA,24000000.0,0.525,37082.0,31,1,72265252.0,0.383,0.516,27.0,605.0,0.2911549707602339,0.3484722222222222
"Ellsbury, Jacoby",2013,BOS,NYY,21857142.86,0.599,34012.0,30,1,228106125.0,0.355,0.426,9.0,577.0,0.2911549707602339,0.3484722222222222
"Choo, Shin-Soo",2013,CIN,TEX,18571428.57,0.556,32084.0,31,1,125506177.0,0.423,0.462,21.0,569.0,0.2911549707602339,0.3484722222222222
"McCann, Brian",2013,ATL,NYY,17000000.0,0.593,31155.0,30,1,228106125.0,0.336,0.461,20.0,356.0,0.2911549707602339,0.3484722222222222
"Granderson, Curtis",2013,NYY,NYM,15000000.0,0.525,37082.0,33,1,93684590.0,0.317,0.407,7.0,214.0,0.2911549707602339,0.3484722222222222
"Peralta, Jhonny",2013,DET,STL,13250000.0,0.574,33045.0,32,0,116702085.0,0.358,0.457,11.0,409.0,0.2911549707602339,0.3484722222222222
"Beltran, Carlos",2013,STL,NYY,15000000.0,0.599,37016.0,37,0,228106125.0,0.339,0.491,24.0,554.0,0.2911549707602339,0.3484722222222222
"Napoli, Mike",2013,BOS,BOS,16000000.0,0.599,34012.0,32,0,150655500.0,0.36,0.482,23.0,498.0,0.2911549707602339,0.3484722222222222
"Infante, Omar",2013,DET,KCR,7562500.0,0.574,33045.0,32,0,,0.345,0.45,10.0,453.0,0.2911549707602339,0.3484722222222222
"Ruiz, Carlos",2013,PHI,PHI,8666666.667,0.451,33826.0,35,0,159578214.0,0.32,0.368,5.0,310.0,0.2911549707602339,0.3484722222222222
"Saltalamacchia, Jarrod",2013,BOS,MIA,7000000.0,0.599,34012.0,29,1,40822900.0,0.338,0.466,14.0,425.0,0.2911549707602339,0.3484722222222222
"Loney, James",2013,TB,TB,7000000.0,0.564,24435.0,30,1,57091466.0,0.348,0.43,13.0,549.0,0.2911549707602339,0.3484722222222222
"Byrd, Marlon",2013,PIT,PHI,8000000.0,0.58,30865.0,36,0,159578214.0,0.33,0.518,21.0,425.0,0.2911549707602339,0.3484722222222222
"Uribe, Juan",2013,LAD,LAD,7500000.0,0.568,40782.0,35,0,216302909.0,0.331,0.438,12.0,388.0,0.2911549707602339,0.3484722222222222
"Morneau, Justin",2013,PIT,COL,6250000.0,0.58,30865.0,33,1,74690000.0,0.315,0.426,17.0,495.0,0.2911549707602339,0.3484722222222222
"Murphy, David",2013,TEX,CLE,6000000.0,0.558,33473.0,32,1,77772800.0,0.282,0.374,13.0,436.0,0.2911549707602339,0.3484722222222222
"McLouth, Nate",2013,BAL,WSH,5375000.0,0.525,28866.0,32,1,118243143.0,0.329,0.399,12.0,531.0,0.2911549707602339,0.3484722222222222
"Drew, Stephen",2013,BOS,BOS,10093443.0,0.599,34012.0,31,1,150655500.0,0.333,0.443,13.0,442.0,0.2911549707602339,0.3484722222222222
"Davis, Rajai",2013,TOR,DET,5000000.0,0.457,29677.0,33,0,148697500.0,0.312,0.375,6.0,331.0,0.2911549707602339,0.3484722222222222
"Pierzynski, A.J.",2013,TEX,BOS,8250000.0,0.558,33473.0,37,1,150655500.0,0.297,0.425,17.0,503.0,0.2911549707602339,0.3484722222222222
"Cruz, Nelson",2013,TEX,BAL,8000000.0,0.558,33473.0,33,0,91093433.0,0.327,0.506,27.0,413.0,0.2911549707602339,0.3484722222222222
"Navarro, Dioner",2013,CHC,TOR,4000000.0,0.407,32392.0,30,1,84790000.0,0.365,0.492,13.0,240.0,0.2911549707602339,0.3484722222222222
"Morales, Kendrys",2013,SEA,MIN,7409836.0,0.438,25096.0,31,1,75562500.0,0.336,0.449,23.0,602.0,0.2911549707602339,0.3484722222222222
"Young, Chris",2013,OAK,NYM,7250000.0,0.593,25822.0,30,0,93684590.0,0.28,0.379,12.0,335.0,0.2911549707602339,0.3484722222222222
"Hart, Corey",2013,MIL,SEA,6000000.0,0.457,31171.0,32,0,72265252.0,,,,,0.2911549707602339,0.3484722222222222
"Morse, Michael",2013,BAL,SFG,6000000.0,0.525,28866.0,32,0,140264334.0,,,,,0.2911549707602339,0.3484722222222222
"Bloomquist, Willie",2013,ARI,SEA,5800000.0,0.5,29705.0,36,0,72265252.0,0.36,0.367,0.0,139.0,0.2911549707602339,0.3484722222222222
"Ellis, Mark",2013,LAD,STL,5250000.0,0.568,40782.0,37,0,116702085.0,0.323,0.351,6.0,433.0,0.2911549707602339,0.3484722222222222
"Schumaker, Skip",2013,LAD,CIN,2500000.0,0.568,40782.0,34,1,106885000.0,0.332,0.332,2.0,319.0,0.2911549707602339,0.3484722222222222
"Ryan, Brendan",2013,NYY,NYY,2500000.0,0.525,37082.0,32,0,228106125.0,0.254,0.265,3.0,260.0,0.2911549707602339,0.3484722222222222
"Molina, Jose",2013,TB,TB,2250000.0,0.564,24435.0,39,0,57091466.0,0.29,0.304,2.0,283.0,0.2911549707602339,0.3484722222222222
"Chavez, Eric",2013,ARI,ARI,3500000.0,0.5,29705.0,36,1,86715000.0,0.332,0.478,9.0,228.0,0.2911549707602339,0.3484722222222222
"Soto, Geovany",2013,TEX,TEX,3050000.0,0.558,33473.0,31,0,125506177.0,0.328,0.466,9.0,163.0,0.2911549707602339,0.3484722222222222
"Furcal, Rafael",2013,STL,MIA,3000000.0,0.599,37016.0,36,0,40822900.0,,,,,0.2911549707602339,0.3484722222222222
"Johnson, Kelly",2013,TB,NYY,3000000.0,0.564,24435.0,32,1,228106125.0,0.305,0.41,16.0,366.0,0.2911549707602339,0.3484722222222222
"Punto, Nick",2013,LAD,OAK,3000000.0,0.568,40782.0,36,1,60142250.0,0.328,0.327,2.0,294.0,0.2911549707602339,0.3484722222222222
"Ibanez, Raul",2013,SEA,LAA,2750000.0,0.438,25096.0,42,1,127896250.0,0.306,0.487,29.0,454.0,0.2911549707602339,0.3484722222222222
"Suzuki, Kurt",2013,OAK,MIN,2750000.0,0.593,25822.0,30,0,75562500.0,0.283,0.31,3.0,252.0,0.2911549707602339,0.3484722222222222
"Konerko, Paul",2013,CWS,CWS,2500000.0,0.389,,38,0,116054500.0,0.313,0.355,12.0,467.0,0.2911549707602339,0.3484722222222222
"Pena, Brayan",2013,DET,CIN,2275000.0,0.574,33045.0,32,0,106885000.0,0.315,0.397,4.0,229.0,0.2911549707602339,0.3484722222222222
"Reynolds, Mark",2013,NYY,MIL,2000000.0,0.525,37082.0,30,0,91003366.0,0.307,0.373,15.0,335.0,0.2911549707602339,0.3484722222222222
"Kubel, Jason",2013,CLE,MIN,2000000.0,0.568,23947.0,32,1,75562500.0,0.288,0.324,5.0,241.0,0.2911549707602339,0.3484722222222222
"Roberts, Brian",2013,BAL,NYY,2000000.0,0.525,28866.0,36,1,228106125.0,0.312,0.392,8.0,265.0,0.2911549707602339,0.3484722222222222
"Barmes, Clint",2013,PIT,PIT,2000000.0,0.58,30865.0,35,0,66477266.0,0.249,0.309,5.0,304.0,0.2911549707602339,0.3484722222222222
"Overbay, Lyle",2013,NYY,MIL,1500000.0,0.525,37082.0,37,1,91003366.0,0.295,0.393,14.0,445.0,0.2911549707602339,0.3484722222222222
"Nieves, Wil",2013,ARI,PHI,1125000.0,0.5,29705.0,36,0,159578214.0,0.32,0.369,1.0,195.0,0.2911549707602339,0.3484722222222222
"Santiago, Ramon",2013,DET,CIN,1100000.0,0.574,33045.0,34,1,106885000.0,0.298,0.288,1.0,205.0,0.2911549707602339,0.3484722222222222
"Young, Delmon",2013,TB,BAL,1000000.0,0.564,24435.0,28,0,91093433.0,,,,,0.2911549707602339,0.3484722222222222
"Giambi, Jason",2013,CLE,CLE,1000000.0,0.568,23947.0,43,1,77772800.0,0.282,0.371,9.0,186.0,0.2911549707602339,0.3484722222222222
"Johnson, Reed",2013,ATL,MIA,1000000.0,0.593,31155.0,37,0,40822900.0,0.311,0.341,1.0,123.0,0.2911549707602339,0.3484722222222222
"Gutierrez, Franklin",2013,SEA,SEA,1000000.0,0.438,25096.0,31,0,72265252.0,0.273,0.503,10.0,145.0,0.2911549707602339,0.3484722222222222
"Buck, John",2013,PIT,SEA,1000000.0,0.58,30865.0,33,0,72265252.0,0.285,0.367,15.0,368.0,0.2911549707602339,0.3484722222222222
"McDonald, John",2013,BOS,LAA,850000.0,0.599,34012.0,39,0,127896250.0,0.171,0.097,0.0,31.0,0.2911549707602339,0.3484722222222222
"Kawasaki, Munenori",2013,TOR,TOR,750000.0,0.457,29677.0,33,1,84790000.0,0.326,0.308,1.0,240.0,0.2911549707602339,0.3484722222222222
"Hamilton, Josh",2012,TEX,LAA,25000000.0,0.574,35509.0,32,1,154485166.0,0.354,0.577,43.0,562.0,0.2927857142857142,0.3594635568513119
"Upton, B.J.",2012,TB,ATL,15050000.0,0.556,24829.0,28,0,93935333.0,0.298,0.454,28.0,573.0,0.2927857142857142,0.3594635568513119
"Swisher, Nick",2012,NYY,CLE,14000000.0,0.586,38943.0,32,0,65430300.0,0.364,0.473,24.0,537.0,0.2927857142857142,0.3594635568513119
"Bourn, Michael",2012,ATL,CLE,12000000.0,0.58,30907.0,30,1,65430300.0,0.348,0.391,9.0,624.0,0.2927857142857142,0.3594635568513119
"Pagan, Angel",2012,SFG,SFG,10000000.0,0.58,37320.0,31,1,117620683.0,0.338,0.44,8.0,605.0,0.2927857142857142,0.3594635568513119
"Victorino, Shane",2012,LAD,BOS,13000000.0,0.531,36866.0,32,1,175249119.0,0.324,0.401,9.0,387.0,0.2927857142857142,0.3594635568513119
"Ortiz, David",2012,BOS,BOS,13000000.0,0.426,34303.0,37,1,175249119.0,0.415,0.611,23.0,324.0,0.2927857142857142,0.3594635568513119
"Hunter, Torii",2012,LAA,DET,13000000.0,0.549,34315.0,37,0,103640000.0,0.365,0.451,16.0,534.0,0.2927857142857142,0.3594635568513119
"Ross, Cody",2012,BOS,ARI,8666666.667,0.426,34303.0,32,0,74284833.0,0.326,0.481,22.0,476.0,0.2927857142857142,0.3594635568513119
"LaRoche, Adam",2012,WSH,WSH,12000000.0,0.605,31582.0,33,1,92534929.0,0.343,0.51,33.0,571.0,0.2927857142857142,0.3594635568513119
"Scutaro, Marco",2012,SFG,SFG,6666666.667,0.58,37320.0,37,0,117620683.0,0.324,0.361,4.0,377.0,0.2927857142857142,0.3594635568513119
"Martin, Russell",2012,NYY,PIT,8500000.0,0.586,38943.0,30,0,63813171.0,0.311,0.403,21.0,422.0,0.2927857142857142,0.3594635568513119
"Cabrera, Melky",2012,SFG,TOR,8000000.0,0.58,37320.0,28,0,75529500.0,0.39,0.516,11.0,459.0,0.2927857142857142,0.3594635568513119
"Ludwick, Ryan",2012,CIN,CIN,7500000.0,0.599,29881.0,34,0,87826167.0,0.346,0.531,26.0,422.0,0.2927857142857142,0.3594635568513119
"Suzuki, Ichiro",2012,NYY,NYY,6500000.0,0.586,38943.0,39,1,209792900.0,0.288,0.353,4.0,402.0,0.2927857142857142,0.3594635568513119
"Youkilis, Kevin",2012,CWS,NYY,12000000.0,0.525,,34,0,209792900.0,0.346,0.425,15.0,292.0,0.2927857142857142,0.3594635568513119
"Keppinger, Jeff",2012,TB,CWS,4000000.0,0.556,24829.0,33,0,96032000.0,0.367,0.439,9.0,385.0,0.2927857142857142,0.3594635568513119
"Berkman, Lance",2012,STL,TEX,11000000.0,0.543,35854.0,37,1,120836000.0,0.381,0.444,2.0,81.0,0.2927857142857142,0.3594635568513119
"Gomes, Jonny",2012,OAK,BOS,5000000.0,0.58,25353.0,32,0,175249119.0,0.377,0.491,18.0,279.0,0.2927857142857142,0.3594635568513119
"Izturis, Maicer",2012,LAA,TOR,3333333.333,0.549,34315.0,32,0,75529500.0,0.32,0.315,2.0,289.0,0.2927857142857142,0.3594635568513119
"Drew, Stephen",2012,OAK,BOS,9500000.0,0.58,25353.0,30,1,175249119.0,0.326,0.382,5.0,152.0,0.2927857142857142,0.3594635568513119
"Pierzynski, A.J.",2012,CWS,TEX,7500000.0,0.525,,36,1,120836000.0,0.326,0.501,27.0,479.0,0.2927857142857142,0.3594635568513119
"Ross, David",2012,ATL,BOS,3100000.0,0.58,30907.0,36,0,175249119.0,0.321,0.449,9.0,176.0,0.2927857142857142,0.3594635568513119
"Napoli, Mike",2012,TEX,BOS,5000000.0,0.574,35509.0,31,0,175249119.0,0.343,0.469,24.0,352.0,0.2927857142857142,0.3594635568513119
"Hairston, Scott",2012,NYM,CHC,2500000.0,0.457,30895.0,33,0,107608000.0,0.299,0.504,20.0,377.0,0.2927857142857142,0.3594635568513119
"Wigginton, Ty",2012,PHI,STL,2500000.0,0.5,37885.0,35,0,110300862.0,0.314,0.375,11.0,315.0,0.2927857142857142,0.3594635568513119
"Chavez, Eric",2012,NYY,ARI,3000000.0,0.586,38943.0,35,1,74284833.0,0.348,0.496,16.0,278.0,0.2927857142857142,0.3594635568513119
"Laird, Gerald",2012,DET,ATL,1500000.0,0.543,33961.0,33,0,93935333.0,0.337,0.374,2.0,174.0,0.2927857142857142,0.3594635568513119
"Pena, Carlos",2012,TB,HOU,2900000.0,0.556,24829.0,35,1,60651000.0,0.33,0.354,19.0,497.0,0.2927857142857142,0.3594635568513119
"Polanco, Placido",2012,PHI,MIA,2750000.0,0.5,37885.0,37,0,58038000.0,0.302,0.327,2.0,303.0,0.2927857142857142,0.3594635568513119
"Ibanez, Raul",2012,NYY,SEA,2750000.0,0.586,38943.0,41,1,84928100.0,0.308,0.453,19.0,384.0,0.2927857142857142,0.3594635568513119
"Scott, Luke",2012,TB,TB,2750000.0,0.556,24829.0,35,1,63496433.0,0.285,0.439,14.0,314.0,0.2927857142857142,0.3594635568513119
"Johnson, Kelly",2012,TOR,TB,2450000.0,0.451,27488.0,31,1,63496433.0,0.313,0.365,16.0,507.0,0.2927857142857142,0.3594635568513119
"McLouth, Nate",2012,BAL,BAL,2000000.0,0.574,28098.0,31,1,81844433.0,0.342,0.435,7.0,209.0,0.2927857142857142,0.3594635568513119
"Hafner, Travis",2012,CLE,NYY,2000000.0,0.42,24041.0,36,1,209792900.0,0.346,0.438,12.0,219.0,0.2927857142857142,0.3594635568513119
"Loney, James",2012,BOS,TB,2000000.0,0.426,34303.0,29,1,63496433.0,0.302,0.344,4.0,334.0,0.2927857142857142,0.3594635568513119
"Johnson, Reed",2012,ATL,ATL,1750000.0,0.58,30907.0,36,0,93935333.0,0.355,0.444,3.0,169.0,0.2927857142857142,0.3594635568513119
"Navarro, Dioner",2012,CIN,CHC,1750000.0,0.599,29881.0,29,1,107608000.0,0.306,0.449,2.0,69.0,0.2927857142857142,0.3594635568513119
"Baker, Jeff",2012,ATL,TEX,1750000.0,0.58,30907.0,32,0,120836000.0,0.306,0.448,4.0,134.0,0.2927857142857142,0.3594635568513119
"Pierre, Juan",2012,PHI,MIA,1600000.0,0.5,37885.0,35,1,58038000.0,0.351,0.371,1.0,394.0,0.2927857142857142,0.3594635568513119
"Shoppach, Kelly",2012,NYM,SEA,1500000.0,0.457,30895.0,33,0,84928100.0,0.327,0.471,5.0,140.0,0.2927857142857142,0.3594635568513119
"Gonzalez, Alex",2012,MIL,MIL,1450000.0,0.512,32767.0,36,0,98188766.0,0.326,0.457,4.0,81.0,0.2927857142857142,0.3594635568513119
"Hinske, Eric",2012,ATL,ARI,1350000.0,0.58,30907.0,35,1,74284833.0,0.272,0.311,2.0,132.0,0.2927857142857142,0.3594635568513119
"Inge, Brandon",2012,OAK,PIT,1250000.0,0.58,25353.0,36,0,63813171.0,0.286,0.389,11.0,283.0,0.2927857142857142,0.3594635568513119
"Cedeno, Ronny",2012,NYM,STL,1150000.0,0.457,30895.0,30,0,110300862.0,0.332,0.41,4.0,166.0,0.2927857142857142,0.3594635568513119
"DeRosa, Mark",2012,WSH,TOR,775000.0,0.605,31582.0,38,0,75529500.0,0.3,0.247,0.0,85.0,0.2927857142857142,0.3594635568513119
"Giambi, Jason",2012,COL,CLE,750000.0,0.395,32388.0,42,1,65430300.0,0.372,0.303,1.0,89.0,0.2927857142857142,0.3594635568513119
"Young, Delmon",2012,DET,PHI,750000.0,0.543,33961.0,27,0,174538938.0,,,,,0.2927857142857142,0.3594635568513119
"Blanco, Henry",2012,ARI,TOR,750000.0,0.5,29588.0,41,0,75529500.0,0.224,0.281,1.0,64.0,0.2927857142857142,0.3594635568513119
"Wise, Dewayne",2012,CWS,CWS,700000.0,0.525,,35,1,96032000.0,,,,,0.2927857142857142,0.3594635568513119
"Kearns, Austin",2012,MIA,MIA,700000.0,0.426,29182.0,33,0,58038000.0,0.366,0.367,4.0,147.0,0.2927857142857142,0.3594635568513119
"Kotchman, Casey",2012,MIA,MIA,700000.0,0.426,29182.0,30,1,58038000.0,0.28,0.333,12.0,463.0,0.2927857142857142,0.3594635568513119
"Pujols, Albert",2011,STL,LAA,24000000.0,0.556,34318.0,32,0,138543166.0,0.366,0.541,37.0,579.0,0.2982716593245227,0.3568972099853157
"Fielder, Prince",2011,MIL,DET,23777777.78,0.593,34356.0,28,1,105799000.0,0.415,0.566,38.0,569.0,0.2982716593245227,0.3568972099853157
"Reyes, Jose",2011,NYM,MIA,17666666.67,0.475,31603.0,29,0,57898000.0,0.384,0.493,7.0,537.0,0.2982716593245227,0.3568972099853157
"Rollins, Jimmy",2011,PHI,PHI,12666666.67,0.63,39220.0,33,1,172976379.0,0.338,0.399,16.0,567.0,0.2982716593245227,0.3568972099853157
"Ramirez, Aramis",2011,CHC,MIL,12000000.0,0.438,35028.0,34,0,85497333.0,0.361,0.51,26.0,565.0,0.2982716593245227,0.3568972099853157
"Cuddyer, Michael",2011,MIN,COL,10500000.0,0.389,34031.0,33,0,83710000.0,0.346,0.459,20.0,529.0,0.2982716593245227,0.3568972099853157
"Beltran, Carlos",2011,SFG,STL,13000000.0,0.531,37287.0,35,0,105433572.0,0.391,0.513,15.0,353.0,0.2982716593245227,0.3568972099853157
"Willingham, Josh",2011,OAK,MIN,7000000.0,0.457,24354.0,33,0,112737000.0,0.332,0.477,29.0,488.0,0.2982716593245227,0.3568972099853157
"Kubel, Jason",2011,MIN,ARI,7750000.0,0.389,34031.0,30,1,53639833.0,0.332,0.434,12.0,366.0,0.2982716593245227,0.3568972099853157
"Ortiz, David",2011,BOS,BOS,14575000.0,0.556,34851.0,36,1,161407476.0,0.398,0.554,29.0,525.0,0.2982716593245227,0.3568972099853157
"Crisp, Coco",2011,OAK,OAK,7000000.0,0.457,24354.0,32,1,66347500.0,0.314,0.379,8.0,531.0,0.2982716593245227,0.3568972099853157
"Furcal, Rafael",2011,STL,STL,7000000.0,0.556,34318.0,34,1,105433572.0,0.316,0.418,7.0,196.0,0.2982716593245227,0.3568972099853157
"Hill, Aaron",2011,ARI,ARI,5500000.0,0.58,28084.0,30,0,53639833.0,0.27,0.313,6.0,396.0,0.2982716593245227,0.3568972099853157
"Barmes, Clint",2011,HOU,PIT,5250000.0,0.346,27053.0,33,0,42045500.0,0.312,0.386,12.0,446.0,0.2982716593245227,0.3568972099853157
"DeJesus, David",2011,OAK,CHC,5000000.0,0.457,24354.0,32,1,134004000.0,0.323,0.376,10.0,442.0,0.2982716593245227,0.3568972099853157
"Ellis, Mark",2011,COL,LAD,4375000.0,0.451,33128.0,35,0,104188999.0,0.317,0.392,6.0,263.0,0.2982716593245227,0.3568972099853157
"Pena, Carlos",2011,CHC,TB,7250000.0,0.438,35028.0,34,1,41717750.0,0.357,0.462,28.0,493.0,0.2982716593245227,0.3568972099853157
"Carroll, Jamey",2011,LAD,MIN,3250000.0,0.509,34421.0,38,0,112737000.0,0.359,0.347,0.0,452.0,0.2982716593245227,0.3568972099853157
"Hernandez, Ramon",2011,CIN,COL,3200000.0,0.488,30205.0,36,0,83710000.0,0.341,0.446,12.0,298.0,0.2982716593245227,0.3568972099853157
"Johnson, Kelly",2011,TOR,TOR,6375000.0,0.5,25051.0,30,1,62051000.0,0.287,0.412,18.0,430.0,0.2982716593245227,0.3568972099853157
"Hairston Jr., Jerry",2011,MIL,LAD,3000000.0,0.593,34356.0,36,0,104188999.0,0.342,0.385,4.0,213.0,0.2982716593245227,0.3568972099853157
"Sizemore, Grady",2011,CLE,CLE,5000000.0,0.494,26698.0,29,1,49190566.0,0.285,0.422,10.0,268.0,0.2982716593245227,0.3568972099853157
"Rivera, Juan",2011,LAD,LAD,4500000.0,0.509,34421.0,33,0,104188999.0,0.305,0.36,6.0,247.0,0.2982716593245227,0.3568972099853157
"Gonzalez, Alex",2011,ATL,MIL,4250000.0,0.549,30539.0,35,0,85497333.0,0.27,0.372,15.0,564.0,0.2982716593245227,0.3568972099853157
"Santiago, Ramon",2011,DET,DET,2100000.0,0.586,30123.0,32,0,105799000.0,0.311,0.384,5.0,258.0,0.2982716593245227,0.3568972099853157
"Barajas, Rod",2011,LAD,PIT,4000000.0,0.509,34421.0,36,0,42045500.0,0.287,0.43,16.0,305.0,0.2982716593245227,0.3568972099853157
"Bllomquist, Willie",2011,ARI,ARI,1900000.0,0.58,28084.0,34,0,53639833.0,,,,,0.2982716593245227,0.3568972099853157
"Betemit, Wilson",2011,DET,BAL,1625000.0,0.586,30123.0,30,0,85580866.0,0.341,0.409,3.0,203.0,0.2982716593245227,0.3568972099853157
"McDonald, John",2011,ARI,ARI,3000000.0,0.58,28084.0,37,0,53639833.0,0.285,0.345,2.0,168.0,0.2982716593245227,0.3568972099853157
"Ross, Cody",2011,SFG,BOS,3000000.0,0.531,37287.0,31,0,161407476.0,0.325,0.405,14.0,405.0,0.2982716593245227,0.3568972099853157
"Kotchman, Casey",2011,TB,CLE,3000000.0,0.562,23616.0,29,1,49190566.0,0.378,0.422,10.0,500.0,0.2982716593245227,0.3568972099853157
"Doumit, Ryan",2011,PIT,MIN,3000000.0,0.444,27580.0,31,1,112737000.0,0.353,0.477,8.0,218.0,0.2982716593245227,0.3568972099853157
"Punto, Nick",2011,STL,BOS,1500000.0,0.556,34318.0,34,1,161407476.0,0.388,0.421,1.0,133.0,0.2982716593245227,0.3568972099853157
"Dobbs, Greg",2011,MIA,MIA,1500000.0,0.444,24920.0,33,1,57898000.0,0.311,0.389,8.0,411.0,0.2982716593245227,0.3568972099853157
"Ludwick, Ryan",2011,PIT,CIN,2500000.0,0.444,27580.0,33,0,75947134.0,0.301,0.373,11.0,378.0,0.2982716593245227,0.3568972099853157
"Nix, Laynce",2011,WSH,PHI,2500000.0,0.497,27224.0,31,1,172976379.0,0.299,0.451,16.0,324.0,0.2982716593245227,0.3568972099853157
"Blake, Casey",2011,LAD,COL,2000000.0,0.509,34421.0,38,0,83710000.0,0.342,0.371,4.0,202.0,0.2982716593245227,0.3568972099853157
"Betancourt, Yuniesky",2011,MIL,KCR,2000000.0,0.593,34356.0,30,0,,0.271,0.381,13.0,556.0,0.2982716593245227,0.3568972099853157
"Jones, Andruw",2011,NYY,NYY,2000000.0,0.599,39167.0,35,0,207047964.0,0.356,0.495,13.0,190.0,0.2982716593245227,0.3568972099853157
"Molina, Jose",2011,TOR,TB,1800000.0,0.5,25051.0,37,0,41717750.0,0.342,0.415,3.0,171.0,0.2982716593245227,0.3568972099853157
"McLouth, Nate",2011,ATL,PIT,1750000.0,0.549,30539.0,30,1,42045500.0,0.344,0.333,4.0,267.0,0.2982716593245227,0.3568972099853157
"Blanco, Henry",2011,ARI,ARI,1500000.0,0.58,28084.0,40,0,53639833.0,0.33,0.54,8.0,100.0,0.2982716593245227,0.3568972099853157
"Chavez, Endy",2011,TEX,BAL,1500000.0,0.593,32552.0,34,1,85580866.0,0.323,0.426,5.0,256.0,0.2982716593245227,0.3568972099853157
"Shoppach, Kelly",2011,TB,BOS,1350000.0,0.562,23616.0,32,0,161407476.0,0.268,0.339,11.0,221.0,0.2982716593245227,0.3568972099853157
"Thome, Jim",2011,CLE,PHI,1250000.0,0.494,26698.0,41,1,172976379.0,0.351,0.476,12.0,206.0,0.2982716593245227,0.3568972099853157
"Kotsay, Mark",2011,MIL,SD,1250000.0,0.593,34356.0,36,1,45262166.0,0.329,0.373,3.0,233.0,0.2982716593245227,0.3568972099853157
"Johnson, Reed",2011,CHC,CHC,1150000.0,0.438,35028.0,35,0,134004000.0,0.348,0.467,5.0,246.0,0.2982716593245227,0.3568972099853157
"Cedeno, Ronny",2011,PIT,NYM,1150000.0,0.444,27580.0,29,0,118847309.0,0.297,0.339,2.0,413.0,0.2982716593245227,0.3568972099853157
"Ibanez, Raul",2011,PHI,NYY,1100000.0,0.63,39220.0,40,1,207047964.0,0.289,0.419,20.0,535.0,0.2982716593245227,0.3568972099853157
"Overbay, Lyle",2011,ARI,ARI,1000000.0,0.58,28084.0,35,1,53639833.0,0.3,0.349,8.0,352.0,0.2982716593245227,0.3568972099853157
"Wilson, Jack",2011,ATL,ATL,1000000.0,0.549,30539.0,34,0,87407126.0,0.283,0.295,0.0,173.0,0.2982716593245227,0.3568972099853157
"Fukudome, Kosuke",2011,CLE,CWS,1000000.0,0.494,26698.0,35,1,103680000.0,0.374,0.369,3.0,293.0,0.2982716593245227,0.3568972099853157
"Laird, Gerald",2011,STL,DET,1000000.0,0.556,34318.0,32,0,105799000.0,0.302,0.358,1.0,95.0,0.2982716593245227,0.3568972099853157
"Treanor, Matt",2011,TEX,LAD,1000000.0,0.593,32552.0,36,0,104188999.0,0.351,0.306,3.0,186.0,0.2982716593245227,0.3568972099853157
"Gomes, Jonny",2011,WSH,OAK,1000000.0,0.497,27224.0,31,0,66347500.0,0.336,0.399,11.0,218.0,0.2982716593245227,0.3568972099853157
"Chavez, Eric",2011,NYY,NYY,900000.0,0.599,39167.0,34,1,207047964.0,0.32,0.356,2.0,160.0,0.2982716593245227,0.3568972099853157
"Kennedy, Adam",2011,SEA,LAD,800000.0,0.414,25642.0,36,1,104188999.0,0.277,0.355,7.0,380.0,0.2982716593245227,0.3568972099853157
"Schneider, Brian",2011,PHI,PHI,800000.0,0.63,39220.0,35,1,172976379.0,0.246,0.256,2.0,125.0,0.2982716593245227,0.3568972099853157
"DeRosa, Mark",2011,SFG,WSH,800000.0,0.531,37287.0,37,0,68306929.0,0.351,0.302,0.0,86.0,0.2982716593245227,0.3568972099853157
"Snyder, Chris",2011,PIT,HOU,750000.0,0.444,27580.0,31,0,76969000.0,0.376,0.396,3.0,96.0,0.2982716593245227,0.3568972099853157
"Crawford, Carl",2010,TB,BOS,20285714.29,0.593,24972.0,29,1,162747333.0,0.356,0.495,19.0,600.0,0.3046959761550595,0.3695767511177083
"Werth, Jayson",2010,PHI,WSH,18000000.0,0.599,39005.0,32,0,66275000.0,0.388,0.532,27.0,554.0,0.3046959761550595,0.3695767511177083
"Beltre, Adrian",2010,BOS,TEX,16000000.0,0.549,34948.0,32,0,64810570.0,0.365,0.553,28.0,589.0,0.3046959761550595,0.3695767511177083
"Dunn, Adam",2010,WSH,CWS,14000000.0,0.426,26117.0,31,1,73851000.0,0.356,0.536,38.0,558.0,0.3046959761550595,0.3695767511177083
"Jeter, Derek",2010,NYY,NYY,17000000.0,0.586,40715.0,37,0,206333389.0,0.34,0.37,10.0,663.0,0.3046959761550595,0.3695767511177083
"Martinez, Victor",2010,BOS,DET,12500000.0,0.549,34948.0,32,1,122864929.0,0.351,0.493,20.0,493.0,0.3046959761550595,0.3695767511177083
"Konerko, Paul",2010,CWS,CWS,12500000.0,0.543,,35,0,73851000.0,0.393,0.584,39.0,548.0,0.3046959761550595,0.3695767511177083
"Huff, Aubrey",2010,SFG,SFG,11000000.0,0.568,34767.0,34,1,97828833.0,0.385,0.506,26.0,569.0,0.3046959761550595,0.3695767511177083
"Uribe, Juan",2010,SFG,LAD,7000000.0,0.568,34767.0,32,0,95143575.0,0.31,0.44,24.0,521.0,0.3046959761550595,0.3695767511177083
"Buck, John",2010,TOR,MIA,6000000.0,0.525,23920.0,30,0,57431500.0,0.314,0.489,20.0,409.0,0.3046959761550595,0.3695767511177083
"LaRoche, Adam",2010,ARI,WSH,8000000.0,0.401,28616.0,31,1,66275000.0,0.32,0.468,25.0,560.0,0.3046959761550595,0.3695767511177083
"Hudson, Orlando",2010,MIN,SD,5750000.0,0.58,33574.0,33,0,37415350.0,0.338,0.372,6.0,497.0,0.3046959761550595,0.3695767511177083
"Peralta, Jhonny",2010,DET,DET,5625000.0,0.5,30047.0,29,0,122864929.0,0.308,0.389,7.0,334.0,0.3046959761550595,0.3695767511177083
"Pena, Carlos",2010,TB,CHC,10000000.0,0.593,24972.0,33,1,144359000.0,0.325,0.407,28.0,484.0,0.3046959761550595,0.3695767511177083
"Ordonez, Magglio",2010,DET,DET,5000000.0,0.5,30047.0,37,0,122864929.0,0.378,0.474,12.0,323.0,0.3046959761550595,0.3695767511177083
"Berkman, Lance",2010,NYY,STL,8000000.0,0.586,40715.0,35,1,93540751.0,0.372,0.436,13.0,298.0,0.3046959761550595,0.3695767511177083
"Guerrero, Vladimir",2010,TEX,BAL,8000000.0,0.556,28747.0,36,0,81313500.0,0.345,0.496,29.0,593.0,0.3046959761550595,0.3695767511177083
"Pierzynski, A.J.",2010,CWS,CWS,4000000.0,0.543,,34,1,73851000.0,0.3,0.388,9.0,474.0,0.3046959761550595,0.3695767511177083
"Wigginton, Ty",2010,BAL,COL,4000000.0,0.407,24693.0,33,0,84227000.0,0.312,0.415,22.0,581.0,0.3046959761550595,0.3695767511177083
"Lee, Derrek",2010,ATL,BAL,7250000.0,0.562,31096.0,35,0,81313500.0,0.335,0.416,16.0,418.0,0.3046959761550595,0.3695767511177083
"Olivo, Miguel",2010,TOR,SEA,3500000.0,0.525,23920.0,32,0,86524600.0,0.315,0.449,14.0,394.0,0.3046959761550595,0.3695767511177083
"Tejada, Miguel",2010,SD,SFG,6500000.0,0.556,28711.0,37,0,97828833.0,0.308,0.362,7.0,401.0,0.3046959761550595,0.3695767511177083
"Torrealba, Yorvit",2010,SD,TEX,3125000.0,0.556,28711.0,32,0,64810570.0,0.343,0.378,7.0,325.0,0.3046959761550595,0.3695767511177083
"Damon, Johnny",2010,DET,TB,5250000.0,0.5,30047.0,37,1,61523232.0,0.355,0.401,8.0,539.0,0.3046959761550595,0.3695767511177083
"Overbay, Lyle",2010,TOR,PIT,5000000.0,0.525,23920.0,34,1,34093838.0,0.329,0.433,20.0,534.0,0.3046959761550595,0.3695767511177083
"Matsui, Hideki",2010,LAA,OAK,4250000.0,0.494,35195.0,37,1,52099450.0,0.361,0.459,21.0,482.0,0.3046959761550595,0.3695767511177083
"Barajas, Rod",2010,LAD,LAD,3250000.0,0.494,38924.0,35,0,95143575.0,0.263,0.414,12.0,249.0,0.3046959761550595,0.3695767511177083
"Hall, Bill",2010,BOS,HOU,3250000.0,0.549,34948.0,31,0,92355500.0,0.316,0.456,18.0,344.0,0.3046959761550595,0.3695767511177083
"Hawpe, Brad",2010,TB,SD,3000000.0,0.593,24972.0,32,1,37415350.0,0.343,0.432,7.0,259.0,0.3046959761550595,0.3695767511177083
"Hernandez, Ramon",2010,CIN,CIN,3000000.0,0.562,27610.0,35,0,72386544.0,0.364,0.428,7.0,313.0,0.3046959761550595,0.3695767511177083
"Thome, Jim",2010,MIN,MIN,3000000.0,0.58,33574.0,40,1,97559167.0,0.412,0.627,25.0,276.0,0.3046959761550595,0.3695767511177083
"Blum, Geoff",2010,HOU,ARI,1350000.0,0.469,30325.0,38,1,75705833.0,0.321,0.356,2.0,202.0,0.3046959761550595,0.3695767511177083
"Renteria, Edgar",2010,SFG,CIN,2100000.0,0.568,34767.0,34,0,72386544.0,0.332,0.374,3.0,243.0,0.3046959761550595,0.3695767511177083
"Ramirez, Manmy",2010,CWS,TB,2000020.0,0.543,,39,0,61523232.0,,,,,0.3046959761550595,0.3695767511177083
"Cairo, Miguel",2010,CIN,CIN,2000000.0,0.562,27610.0,37,1,72386544.0,0.353,0.41,4.0,200.0,0.3046959761550595,0.3695767511177083
"Hairston, Jerry",2010,SD,WSH,2000000.0,0.556,28711.0,35,0,66275000.0,,,,,0.3046959761550595,0.3695767511177083
"Jones, Andruw",2010,CWS,NYY,2000000.0,0.543,,34,0,206333389.0,0.341,0.486,19.0,278.0,0.3046959761550595,0.3695767511177083
"Mora, Melvin",2010,COL,ARI,2000000.0,0.512,33707.0,39,0,75705833.0,0.358,0.421,7.0,316.0,0.3046959761550595,0.3695767511177083
"Varitek, Jason",2010,BOS,BOS,2000000.0,0.549,34948.0,39,0,162747333.0,0.293,0.473,7.0,112.0,0.3046959761550595,0.3695767511177083
"Nady, Xavier",2010,CHC,ARI,1750000.0,0.463,35043.0,32,0,75705833.0,0.306,0.353,6.0,317.0,0.3046959761550595,0.3695767511177083
"Ankiel, Rick",2010,ATL,WSH,1500000.0,0.562,31096.0,31,1,66275000.0,,,,,0.3046959761550595,0.3695767511177083
"Izturis, Cesar",2010,BAL,BAL,1500000.0,0.407,24693.0,31,0,81313500.0,0.277,0.268,1.0,473.0,0.3046959761550595,0.3695767511177083
"Hinske, Eric",2010,ATL,ATL,1450000.0,0.562,31096.0,33,1,84165421.0,0.338,0.456,11.0,281.0,0.3046959761550595,0.3695767511177083
"Counsell, Craig",2010,MIL,MIL,1400000.0,0.475,32474.0,40,1,81108278.0,0.322,0.319,2.0,204.0,0.3046959761550595,0.3695767511177083
"Kearns, Austin",2010,NYY,CLE,1300000.0,0.586,40715.0,31,0,61453967.0,0.354,0.419,8.0,301.0,0.3046959761550595,0.3695767511177083
"Blanco, Henry",2010,NYM,ARI,1250000.0,0.488,30841.0,39,0,75705833.0,0.271,0.3,2.0,130.0,0.3046959761550595,0.3695767511177083
"Bloomquist, Willie",2010,CIN,ARI,1050000.0,0.562,27610.0,33,0,75705833.0,0.296,0.388,3.0,170.0,0.3046959761550595,0.3695767511177083
"Branyan, Russell",2010,SEA,ARI,1000000.0,0.377,26778.0,35,1,75705833.0,0.319,0.483,15.0,205.0,0.3046959761550595,0.3695767511177083
"Burrell, Pat",2010,SFG,SFG,1000000.0,0.568,34767.0,34,0,97828833.0,0.364,0.509,18.0,289.0,0.3046959761550595,0.3695767511177083
"Cabrera, Orlando",2010,CIN,CLE,1000000.0,0.562,27610.0,36,0,61453967.0,0.303,0.354,4.0,494.0,0.3046959761550595,0.3695767511177083
"Laird, Gerald",2010,DET,STL,1000000.0,0.5,30047.0,31,0,93540751.0,0.263,0.304,5.0,270.0,0.3046959761550595,0.3695767511177083
"Thames, Marcus",2010,NYY,LAD,1000000.0,0.586,40715.0,34,0,95143575.0,0.35,0.491,12.0,212.0,0.3046959761550595,0.3695767511177083
"Patterson, Corey",2010,BAL,TOR,900000.0,0.407,24693.0,31,1,62640100.0,0.315,0.406,8.0,308.0,0.3046959761550595,0.3695767511177083
"Cantu, Jorge",2010,TEX,SD,850000.0,0.556,28747.0,29,0,37415350.0,0.31,0.409,10.0,374.0,0.3046959761550595,0.3695767511177083
"Treanor, Matt",2010,TEX,TEX,850000.0,0.556,28747.0,35,0,64810570.0,0.287,0.308,5.0,237.0,0.3046959761550595,0.3695767511177083
"Kotsay, Mark",2010,CWS,MIL,800000.0,0.543,,35,1,81108278.0,0.306,0.376,8.0,327.0,0.3046959761550595,0.3695767511177083
"Punto, Nick",2010,MIN,STL,750000.0,0.58,33574.0,33,1,93540751.0,0.313,0.302,1.0,252.0,0.3046959761550595,0.3695767511177083
