Player,year,Old Club,New Club,AAV,Win_Pct,Attendance,Age 7/1/24,Is_Left_Handed,New_Team_Payroll_Prev_Year,Performance 1,Performance 2,Performance 3,Performance 4,ERA_league,WHIP_league
"Cole, Gerrit",2019,HOU,NYY,36000000.0,0.66,30817.0,29,0,208084848.0,2.5,0.89,326.0,212.1,5.895538990825688,1.5695527522935782
"Strasburg, Stephen",2019,WSH,WSH,35000000.0,0.574,28476.0,31,0,161877935.0,3.32,1.04,251.0,209.0,5.895538990825688,1.5695527522935782
"Wheeler, Zack",2019,NYM,PHI,23600000.0,0.531,29975.0,30,0,140711962.0,3.96,1.26,195.0,195.1,5.895538990825688,1.5695527522935782
"Bumgarner, Madison",2019,SFG,ARI,17000000.0,0.475,32940.0,30,1,123932983.0,3.9,1.13,203.0,207.2,5.895538990825688,1.5695527522935782
"Ryu, Hyun-Jin",2019,LAD,TOR,20000000.0,0.654,41246.0,27,1,112037006.0,,,,,5.895538990825688,1.5695527522935782
"Keuchel, Dallas",2019,ATL,CWS,18500000.0,0.599,30815.0,32,1,89354534.0,3.75,1.37,91.0,112.2,5.895538990825688,1.5695527522935782
"Smith, Will",2019,SFG,ATL,13333333.33333333,0.475,32940.0,30,1,113778369.0,2.76,1.03,96.0,65.1,5.895538990825688,1.5695527522935782
"Pomeranz, Drew",2019,MIL,SD,8500000.0,0.549,32909.0,31,1,99205017.0,5.68,1.61,92.0,77.2,5.895538990825688,1.5695527522935782
"Gibson, Kyle",2019,MIN,TEX,9333333.333333334,0.623,25928.0,32,0,127660652.0,4.84,1.44,160.0,160.0,5.895538990825688,1.5695527522935782
"Roark, Tanner",2019,OAK,TOR,12000000.0,0.599,24068.0,33,0,112037006.0,4.24,1.42,108.0,110.1,5.895538990825688,1.5695527522935782
"Harris, Will",2019,HOU,WSH,8000000.0,0.66,30817.0,35,0,161877935.0,1.5,0.93,62.0,60.0,5.895538990825688,1.5695527522935782
"Pineda, Michael",2019,MIN,MIN,10000000.0,0.623,25928.0,31,0,121276933.0,4.01,1.16,140.0,146.0,5.895538990825688,1.5695527522935782
"Hamels, Cole",2019,CHC,ATL,18000000.0,0.519,35831.0,36,1,113778369.0,3.81,1.39,143.0,141.2,5.895538990825688,1.5695527522935782
"Odorizzi, Jake",2019,MIN,MIN,17800000.0,0.623,25928.0,30,0,121276933.0,3.51,1.21,178.0,159.0,5.895538990825688,1.5695527522935782
"Lyles, Jordan",2019,MIL,TEX,8000000.0,0.549,32909.0,29,0,127660652.0,5.36,1.47,90.0,82.1,5.895538990825688,1.5695527522935782
"Miley, Wade",2019,HOU,CIN,7500000.0,0.66,30817.0,33,1,126423214.0,3.98,1.34,140.0,167.1,5.895538990825688,1.5695527522935782
"Martin, Chris",2019,ATL,ATL,7000000.0,0.599,30815.0,34,0,113778369.0,3.08,1.03,43.0,38.0,5.895538990825688,1.5695527522935782
"Hudson, Daniel",2019,WSH,WSH,5500000.0,0.574,28476.0,33,0,161877935.0,3.0,1.27,48.0,48.0,5.895538990825688,1.5695527522935782
"Betances, Dellin",2019,NYY,NYM,10500000.0,0.636,36258.0,32,0,158999270.0,0.0,0.0,2.0,0.2,5.895538990825688,1.5695527522935782
"Porcello, Rick",2019,BOS,NYM,10000000.0,0.519,32066.0,31,0,158999270.0,5.52,1.39,143.0,174.1,5.895538990825688,1.5695527522935782
"Teheran, Julio",2019,ATL,LAA,9000000.0,0.599,30815.0,29,0,159378583.0,3.81,1.32,162.0,174.2,5.895538990825688,1.5695527522935782
"Stammen, Craig",2019,SD,SD,4500000.0,0.432,31015.0,36,0,99205017.0,3.29,1.16,73.0,82.0,5.895538990825688,1.5695527522935782
"Smith, Joe",2019,HOU,HOU,4000000.0,0.66,30817.0,36,0,160774666.0,1.8,0.96,22.0,25.0,5.895538990825688,1.5695527522935782
"Diekman, Jake",2019,OAK,OAK,3750000.0,0.599,24068.0,34,1,92318333.0,4.75,1.34,63.0,41.2,5.895538990825688,1.5695527522935782
"Bailey, Homer",2019,OAK,MIN,7000000.0,0.599,24068.0,34,0,121276933.0,4.8,1.41,81.0,90.0,5.895538990825688,1.5695527522935782
"Perez, Martin",2019,MIN,BOS,6000000.0,0.623,25928.0,29,1,222171123.0,5.12,1.52,135.0,165.1,5.895538990825688,1.5695527522935782
"Cishek, Steve",2019,CHC,CWS,6000000.0,0.519,35831.0,34,0,89354534.0,2.95,1.2,57.0,64.0,5.895538990825688,1.5695527522935782
"Gonzalez, Gio",2019,MIL,CWS,5000000.0,0.549,32909.0,34,1,89354534.0,3.5,1.29,78.0,87.1,5.895538990825688,1.5695527522935782
"Anderson, Brett",2019,OAK,MIL,5000000.0,0.599,24068.0,32,1,124755400.0,3.89,1.31,90.0,176.0,5.895538990825688,1.5695527522935782
"Romo, Sergio",2019,MIN,MIN,5000000.0,0.623,25928.0,37,0,121276933.0,3.58,1.22,33.0,37.2,5.895538990825688,1.5695527522935782
"Wainwright, Adam",2019,STL,STL,5000000.0,0.562,36207.0,38,0,162830430.0,4.19,1.43,153.0,171.2,5.895538990825688,1.5695527522935782
"Wood, Alex",2019,CIN,LAD,4000000.0,0.463,26377.0,29,1,196729548.0,5.8,1.4,30.0,35.2,5.895538990825688,1.5695527522935782
"Smyly, Drew",2019,PHI,SFG,4000000.0,0.5,31315.0,31,1,178286222.0,4.45,1.32,68.0,62.2,5.895538990825688,1.5695527522935782
"Kintzler, Brandon",2019,CHC,MIA,3250000.0,0.519,35831.0,35,0,72449404.0,2.68,1.02,48.0,57.0,5.895538990825688,1.5695527522935782
"Rondon, Hector",2019,HOU,ARI,3000000.0,0.66,30817.0,32,0,123932983.0,3.71,1.25,48.0,60.2,5.895538990825688,1.5695527522935782
"Hill, Rich",2019,LAD,MIN,3000000.0,0.654,41246.0,40,1,121276933.0,2.45,1.13,72.0,58.2,5.895538990825688,1.5695527522935782
"Wacha, Michael",2019,STL,NYM,3000000.0,0.562,36207.0,29,0,158999270.0,4.76,1.56,104.0,126.2,5.895538990825688,1.5695527522935782
"O'Day, Darren",2019,ATL,ATL,2750000.0,0.599,30815.0,37,0,113778369.0,1.69,0.75,6.0,5.1,5.895538990825688,1.5695527522935782
"Clippard, Tyler",2019,CLE,MIN,2750000.0,0.574,23494.0,35,0,121276933.0,2.9,0.85,64.0,62.0,5.895538990825688,1.5695527522935782
"Brach, Brad",2019,NYM,NYM,1050000.0,0.531,29975.0,34,0,158999270.0,6.13,1.76,45.0,39.2,5.895538990825688,1.5695527522935782
"Graveman, Kendall",2019,CHC,SEA,2000000.0,0.519,35831.0,29,0,150906143.0,,,,,5.895538990825688,1.5695527522935782
"Strop, Pedro",2019,CHC,CIN,1825000.0,0.519,35831.0,35,0,126423214.0,4.97,1.27,49.0,41.2,5.895538990825688,1.5695527522935782
"Hirano, Yoshihisa",2019,ARI,SEA,1600000.0,0.525,27678.0,36,0,150906143.0,4.75,1.38,61.0,53.0,5.895538990825688,1.5695527522935782
"Nova, Ivan",2019,CWS,DET,1500000.0,0.414,,33,0,116478400.0,4.72,1.45,114.0,187.0,5.895538990825688,1.5695527522935782
"Phelps, David",2019,CHC,MIL,1500000.0,0.519,35831.0,33,0,124755400.0,3.63,1.21,18.0,17.1,5.895538990825688,1.5695527522935782
"Hunter, Tommy",2019,PHI,PHI,875000.0,0.5,31315.0,33,0,140711962.0,0.0,0.38,5.0,5.1,5.895538990825688,1.5695527522935782
"McHugh, Collin",2019,HOU,BOS,600000.0,0.66,30817.0,33,0,222171123.0,4.7,1.23,82.0,74.2,5.895538990825688,1.5695527522935782
"Corbin, Patrick",2018,ARI,WSH,23333333.33333333,0.506,29760.0,29,1,197000000.0,3.15,1.05,246.0,200.0,5.383040380047507,1.528099762470309
"Kershaw, Clayton",2018,LAD,LAD,31000000.0,0.564,40226.0,31,1,195400000.0,2.73,1.04,155.0,161.1,5.383040380047507,1.528099762470309
"Eovaldi, Nathan",2018,BOS,BOS,17000000.0,0.667,32870.0,29,0,214291339.0,4.26,0.98,53.0,57.0,5.383040380047507,1.528099762470309
"Kimbrel, Craig",2018,BOS,CHC,14333333.33333333,0.667,32870.0,31,0,182444174.0,2.74,0.99,96.0,62.1,5.383040380047507,1.528099762470309
"Britton, Zack",2018,NYY,NYY,13000000.0,0.617,36880.0,31,1,193400000.0,2.88,1.16,21.0,25.0,5.383040380047507,1.528099762470309
"Happ, J.A.",2018,NYY,NYY,17000000.0,0.617,36880.0,36,1,193400000.0,4.18,1.18,130.0,114.0,5.383040380047507,1.528099762470309
"Morton, Charlie",2018,HOU,TB,15000000.0,0.636,32844.0,35,0,65000000.0,3.13,1.16,201.0,167.0,5.383040380047507,1.528099762470309
"Familia, Jeurys",2018,OAK,NYM,10000000.0,0.599,24058.0,29,0,150000000.0,2.88,1.23,43.0,40.2,5.383040380047507,1.528099762470309
"Lynn, Lance",2018,NYY,TEX,10000000.0,0.617,36880.0,32,0,133000000.0,5.1,1.63,100.0,102.1,5.383040380047507,1.528099762470309
"Miller, Andrew",2018,CLE,STL,12500000.0,0.562,25092.0,34,1,159000000.0,4.24,1.38,45.0,34.0,5.383040380047507,1.528099762470309
"Kelly, Joe",2018,BOS,LAD,8333333.333333333,0.667,32870.0,31,0,195400000.0,4.39,1.36,68.0,65.2,5.383040380047507,1.528099762470309
"Ottavino, Adam",2018,COL,NYY,8000000.0,0.558,34402.0,33,0,193400000.0,2.43,0.99,112.0,77.2,5.383040380047507,1.528099762470309
"Robertson, David",2018,NYY,PHI,11500000.0,0.617,36880.0,34,0,135000000.0,3.23,1.03,91.0,69.2,5.383040380047507,1.528099762470309
"Sanchez, Anibal",2018,ATL,WSH,9500000.0,0.556,29689.0,35,0,197000000.0,2.83,1.08,135.0,136.2,5.383040380047507,1.528099762470309
"Herrera, Kelvin",2018,WSH,CWS,9000000.0,0.506,29861.0,29,0,75000000.0,1.05,0.82,22.0,25.2,5.383040380047507,1.528099762470309
"Ryu, Hyun-Jin",2018,LAD,LAD,17900000.0,0.564,40226.0,32,1,195400000.0,,,,,5.383040380047507,1.528099762470309
"Richards, Garrett",2018,LAA,SD,7750000.0,0.494,32660.0,31,0,92000000.0,3.66,1.28,87.0,76.1,5.383040380047507,1.528099762470309
"Soria, Joakim",2018,MIL,OAK,7500000.0,0.589,32098.0,35,0,89000000.0,2.56,1.16,49.0,38.2,5.383040380047507,1.528099762470309
"Keuchel, Dallas",2018,HOU,ATL,13000000.0,0.636,32844.0,31,1,141000000.0,3.74,1.31,153.0,204.2,5.383040380047507,1.528099762470309
"Harvey, Matt",2018,CIN,LAA,11000000.0,0.414,25017.0,30,0,166000000.0,4.5,1.25,111.0,128.0,5.383040380047507,1.528099762470309
"Wilson, Justin",2018,CHC,NYM,5000000.0,0.583,35834.0,31,1,150000000.0,3.46,1.43,69.0,54.2,5.383040380047507,1.528099762470309
"Cahill, Trevor",2018,OAK,LAA,9000000.0,0.599,24058.0,31,0,166000000.0,3.76,1.19,100.0,110.0,5.383040380047507,1.528099762470309
"Allen, Cody",2018,CLE,LAA,8500000.0,0.562,25092.0,30,0,166000000.0,4.7,1.36,80.0,67.0,5.383040380047507,1.528099762470309
"Sabatha, CC",2018,NYY,NYY,8000000.0,0.617,36880.0,38,1,193400000.0,,,,,5.383040380047507,1.528099762470309
"Chavez, Jesse",2018,CHC,TEX,4000000.0,0.583,35834.0,35,0,133000000.0,3.51,1.24,50.0,56.1,5.383040380047507,1.528099762470309
"Holland, Derek",2018,SFG,SFG,7000000.0,0.451,36440.0,32,1,205000000.0,3.57,1.29,169.0,171.1,5.383040380047507,1.528099762470309
"Ross, Tyson",2018,STL,DET,5750000.0,0.543,35646.0,32,0,105000000.0,4.45,1.33,107.0,123.1,5.383040380047507,1.528099762470309
"Miley, Wade",2018,MIL,HOU,4500000.0,0.589,32098.0,32,1,160000000.0,2.57,1.21,50.0,80.2,5.383040380047507,1.528099762470309
"Perez, Martin",2018,TEX,MIN,4000000.0,0.414,26241.0,28,1,130000000.0,6.22,1.78,52.0,85.1,5.383040380047507,1.528099762470309
"Estrada, Marco",2018,TOR,OAK,4000000.0,0.451,27109.0,35,0,89000000.0,5.64,1.43,103.0,143.2,5.383040380047507,1.528099762470309
"Holland, Greg",2018,WSH,ARI,3250000.0,0.506,29861.0,33,0,131000000.0,7.92,2.24,22.0,25.0,5.383040380047507,1.528099762470309
"Brach, Brad",2018,ATL,CHC,3000000.0,0.556,29689.0,33,0,182444174.0,4.85,1.77,38.0,39.0,5.383040380047507,1.528099762470309
"Buchholz, Clay",2018,ARI,TOR,3000000.0,0.506,29760.0,34,0,95212562.0,2.01,1.04,81.0,98.1,5.383040380047507,1.528099762470309
"Diekman, Jake",2018,ARI,KCR,2750000.0,0.506,29760.0,32,1,,3.69,1.38,48.0,39.0,5.383040380047507,1.528099762470309
"Kelley, Shawn",2018,OAK,TEX,2750000.0,0.599,24058.0,35,0,133000000.0,3.34,0.96,32.0,32.1,5.383040380047507,1.528099762470309
"Perez, Oliver",2018,CLE,CLE,2500000.0,0.562,25092.0,37,1,134350000.0,1.39,0.74,43.0,32.1,5.383040380047507,1.528099762470309
"Moore, Matt",2018,TEX,DET,2500000.0,0.414,26241.0,30,1,105000000.0,6.79,1.66,86.0,102.0,5.383040380047507,1.528099762470309
"Romo, Sergio",2018,TB,MIA,2500000.0,0.556,20282.0,36,0,69000000.0,4.14,1.26,75.0,67.1,5.383040380047507,1.528099762470309
"Warren, Adam",2018,SEA,SD,2500000.0,0.549,27785.0,31,0,92000000.0,2.7,1.27,37.0,30.0,5.383040380047507,1.528099762470309
"Phelps, David",2018,SEA,TOR,2500000.0,0.549,27785.0,32,0,95212562.0,,,,,5.383040380047507,1.528099762470309
"Lyles, Jordan",2018,MIL,PIT,2050000.0,0.589,32098.0,28,0,90000000.0,4.29,1.26,62.0,71.1,5.383040380047507,1.528099762470309
"Duke, Zach",2018,SEA,CIN,2000000.0,0.549,27785.0,36,1,101000000.0,3.62,1.58,39.0,37.1,5.383040380047507,1.528099762470309
"Wainwright, Adam",2018,STL,STL,2000000.0,0.543,35646.0,37,0,159000000.0,4.46,1.46,40.0,40.1,5.383040380047507,1.528099762470309
"Anderson, Brett",2018,OAK,OAK,1500000.0,0.599,24058.0,31,1,89000000.0,4.48,1.28,47.0,80.1,5.383040380047507,1.528099762470309
"Pomeranz, Drew",2018,BOS,SFG,1500000.0,0.667,32870.0,30,1,205000000.0,6.08,1.77,66.0,74.0,5.383040380047507,1.528099762470309
"Loup, Aaron",2018,PHI,SD,1400000.0,0.494,27853.0,31,1,92000000.0,4.54,1.6,42.0,35.2,5.383040380047507,1.528099762470309
"Hellickson, Jeremy",2018,WSH,WSH,1300000.0,0.506,29861.0,32,0,197000000.0,3.45,1.07,65.0,91.1,5.383040380047507,1.528099762470309
"Sipp, Tony",2018,HOU,WSH,1250000.0,0.636,32844.0,35,1,197000000.0,1.86,1.03,42.0,38.2,5.383040380047507,1.528099762470309
"Barnette, Tony",2018,TEX,CHC,750000.0,0.414,26241.0,35,0,182444174.0,2.39,0.91,26.0,26.1,5.383040380047507,1.528099762470309
"Darvish, Yu",2017,LAD,CHC,21000000.0,0.642,40035.0,31,0,172978880.0,4.01,1.17,148.0,137.0,5.527011070110701,1.546469864698647
"Arrieta, Jake",2017,CHC,PHI,25000000.0,0.568,36980.0,32,0,118244028.0,3.53,1.22,163.0,168.1,5.527011070110701,1.546469864698647
"Cobb, Alex",2017,TB,BAL,14250000.0,0.494,22828.0,30,0,64435128.0,3.66,1.22,128.0,179.1,5.527011070110701,1.546469864698647
Davis Wade,2017,CHC,COL,17333333.33333333,0.568,36980.0,32,0,127982500.0,,,,,5.527011070110701,1.546469864698647
"Chatwood, Tyler",2017,COL,CHC,12666666.66666667,0.537,33520.0,28,0,172978880.0,4.69,1.44,120.0,147.2,5.527011070110701,1.546469864698647
"Minor, Mike",2017,KCR,TEX,9333333.333333334,,,30,1,165316666.0,2.55,1.02,88.0,77.2,5.527011070110701,1.546469864698647
"Shaw, Bryan",2017,CLE,COL,9000000.0,0.63,26499.0,30,0,127982500.0,3.52,1.21,73.0,76.2,5.527011070110701,1.546469864698647
"McGee, Jake",2017,COL,COL,9000000.0,0.537,33520.0,31,1,127982500.0,3.61,1.1,58.0,57.1,5.527011070110701,1.546469864698647
"Morrow, Brandon",2017,LAD,CHC,10500000.0,0.642,40035.0,33,0,172978880.0,2.06,0.92,50.0,43.2,5.527011070110701,1.546469864698647
"Hunter, Tommy",2017,TB,PHI,9000000.0,0.494,22828.0,31,0,118244028.0,2.61,0.97,64.0,58.2,5.527011070110701,1.546469864698647
"Nicasio, Juan",2017,STL,SEA,8500000.0,0.512,36945.0,31,0,154286166.0,2.85,1.12,60.0,60.0,5.527011070110701,1.546469864698647
"Reed, Addison",2017,BOS,MIN,8375000.0,0.574,33792.0,29,0,108000000.0,2.57,1.12,48.0,49.0,5.527011070110701,1.546469864698647
"Neshek, Pat",2017,COL,PHI,8125000.0,0.537,33520.0,37,0,118244028.0,1.12,0.82,45.0,40.1,5.527011070110701,1.546469864698647
"Cashner, Andrew",2017,TEX,BAL,8000000.0,0.481,28829.0,31,0,64435128.0,3.4,1.32,86.0,166.2,5.527011070110701,1.546469864698647
"Vargas, Jason",2017,KCR,NYM,8000000.0,,,35,1,155168524.0,4.16,1.33,134.0,179.2,5.527011070110701,1.546469864698647
"Chachin, Jhoulys",2017,SD,MIL,7750000.0,0.438,29281.0,30,0,83000000.0,,,,,5.527011070110701,1.546469864698647
"Smith, Joe",2017,CLE,HOU,7500000.0,0.63,26499.0,34,0,124343900.0,3.28,1.12,51.0,35.2,5.527011070110701,1.546469864698647
"Holland, Greg",2017,COL,STL,14000000.0,0.537,33520.0,32,0,148576066.0,3.61,1.15,70.0,57.1,5.527011070110701,1.546469864698647
"Swarzak, Anthony",2017,MIL,NYM,7000000.0,0.531,31060.0,32,0,155168524.0,2.23,1.03,52.0,48.1,5.527011070110701,1.546469864698647
"Cishek, Steve",2017,TB,CHC,6500000.0,0.494,22828.0,32,0,172978880.0,1.09,0.81,26.0,24.2,5.527011070110701,1.546469864698647
"Lynn, Lance",2017,STL,MIN,12000000.0,0.512,36945.0,31,0,108000000.0,3.43,1.23,153.0,186.1,5.527011070110701,1.546469864698647
"Gregerson, Luke",2017,HOU,STL,5500000.0,0.623,28689.0,34,0,148576066.0,4.57,1.34,70.0,61.0,5.527011070110701,1.546469864698647
"Sabathia, CC",2017,NYY,NYY,10000000.0,0.562,36048.0,37,1,208398589.0,3.69,1.27,120.0,148.2,5.527011070110701,1.546469864698647
"Pineda, Michael",2017,NYY,MIN,5000000.0,0.562,36048.0,29,0,108000000.0,4.39,1.29,92.0,96.1,5.527011070110701,1.546469864698647
"Petit, Yusmeiro",2017,LAA,OAK,5000000.0,0.494,32471.0,33,0,83532178.0,2.76,0.95,101.0,91.1,5.527011070110701,1.546469864698647
"Kintzler, Brandon",2017,WSH,WSH,5000000.0,0.599,30570.0,33,0,164273093.0,2.78,1.15,27.0,45.1,5.527011070110701,1.546469864698647
"Watson, Tony",2017,LAD,SFG,4500000.0,0.642,40035.0,33,1,186408333.0,3.66,1.52,35.0,46.2,5.527011070110701,1.546469864698647
"Garcia, Jaime",2017,NYY,TOR,8000000.0,0.562,36048.0,31,1,170299633.0,4.3,1.32,85.0,113.0,5.527011070110701,1.546469864698647
"Duensing, Brian",2017,CHC,CHC,3500000.0,0.568,36980.0,35,1,172978880.0,2.74,1.22,61.0,62.1,5.527011070110701,1.546469864698647
"Hernandez, David",2017,ARI,CIN,2500000.0,0.574,29144.0,33,0,95004125.0,2.23,1.02,37.0,36.1,5.527011070110701,1.546469864698647
"Albers, Matt",2017,WSH,MIL,2500000.0,0.599,30570.0,35,0,83000000.0,1.62,0.85,63.0,61.0,5.527011070110701,1.546469864698647
"Gonzalez, Miguel",2017,TEX,CWS,4750000.0,0.481,28829.0,34,0,97166734.0,4.31,1.44,85.0,133.2,5.527011070110701,1.546469864698647
"Rodney, Fernando",2017,ARI,MIN,4500000.0,0.574,29144.0,41,0,108000000.0,4.23,1.19,65.0,55.1,5.527011070110701,1.546469864698647
"Stammen, Craig",2017,SD,SD,2250000.0,0.438,29281.0,34,0,92500000.0,3.14,1.2,74.0,80.1,5.527011070110701,1.546469864698647
"Liriano, Francisco",2017,HOU,DET,4000000.0,0.623,28689.0,34,1,100000000.0,5.88,1.62,74.0,82.2,5.527011070110701,1.546469864698647
"Fister, Doug",2017,BOS,TEX,4000000.0,0.574,33792.0,34,0,165316666.0,4.88,1.38,83.0,90.1,5.527011070110701,1.546469864698647
"Tillman, Chris",2017,BAL,BAL,3000000.0,0.463,27250.0,30,0,64435128.0,7.84,1.89,63.0,93.0,5.527011070110701,1.546469864698647
"Norris, Bud",2017,LAA,STL,3000000.0,0.494,32471.0,33,0,148576066.0,4.21,1.34,74.0,62.0,5.527011070110701,1.546469864698647
"Logan, Boone",2017,CLE,MIL,2500000.0,0.63,26499.0,33,1,83000000.0,4.71,1.38,28.0,21.0,5.527011070110701,1.546469864698647
"Sanchez, Anibal",2017,DET,MIN,2500000.0,0.395,27699.0,34,0,108000000.0,6.41,1.59,104.0,105.1,5.527011070110701,1.546469864698647
"Romo, Sergio",2017,TB,TB,2500000.0,0.494,22828.0,35,0,64983275.0,1.47,0.85,28.0,30.2,5.527011070110701,1.546469864698647
"Duke, Zach",2017,STL,MIN,2150000.0,0.512,36945.0,35,1,108000000.0,3.93,1.04,12.0,18.1,5.527011070110701,1.546469864698647
"Gallardo, Yovani",2017,SEA,MIL,2000000.0,0.481,26579.0,32,0,83000000.0,5.72,1.52,94.0,130.2,5.527011070110701,1.546469864698647
"Oh, Seung-Hwan",2017,STL,TOR,2000000.0,0.512,36945.0,35,0,170299633.0,,,,,5.527011070110701,1.546469864698647
"Cahill, Trevor",2017,KCR,OAK,1500000.0,,,30,0,83532178.0,3.69,1.34,72.0,61.0,5.527011070110701,1.546469864698647
"Barnette, Tony",2017,TEX,TEX,1500000.0,0.481,28829.0,34,0,165316666.0,5.49,1.5,57.0,57.1,5.527011070110701,1.546469864698647
"Chavez, Jesse",2017,LAA,LAA,1000000.0,0.494,32471.0,34,0,166770095.0,5.35,1.4,119.0,138.0,5.527011070110701,1.546469864698647
"Lyles, Jordan",2017,SD,SD,1000000.0,0.438,29281.0,27,0,92500000.0,6.94,1.56,33.0,46.2,5.527011070110701,1.546469864698647
"Benoit, Joaquin",2017,PIT,WSH,1000000.0,0.463,28164.0,40,0,164273093.0,4.07,1.14,43.0,42.0,5.527011070110701,1.546469864698647
"Moylan, Peter",2017,KCR,ATL,575000.0,,,39,0,122482500.0,3.49,1.1,46.0,59.1,5.527011070110701,1.546469864698647
"Chapman, Aroldis",2016,CHC,NYY,17200000.0,0.64,37479.0,29,1,227365789.0,2.01,0.89,44.0,31.1,5.271587500000001,1.5167125
"Jansen, Kenley",2016,LAD,LAD,16000000.0,0.562,39339.0,29,0,252551802.0,1.83,0.67,104.0,68.2,5.271587500000001,1.5167125
"Melancon, Mark",2016,WSH,SFG,15500000.0,0.586,30152.0,32,0,172672111.0,1.51,0.96,38.0,41.2,5.271587500000001,1.5167125
"Hill, Rich",2016,LAD,LAD,16000000.0,0.562,39339.0,37,1,252551802.0,2.25,1.09,90.0,76.0,5.271587500000001,1.5167125
"Cecil, Brett",2016,TOR,STL,7625000.0,0.549,35972.0,30,1,145562503.0,3.93,1.28,45.0,36.2,5.271587500000001,1.5167125
"Nova, Ivan",2016,PIT,PIT,8666666.666666666,0.484,29061.0,30,0,71000000.0,4.9,1.36,75.0,97.1,5.271587500000001,1.5167125
"Volquez, Edinson",2016,KCR,MIA,11000000.0,,,33,0,59897777.0,5.37,1.55,139.0,189.1,5.271587500000001,1.5167125
"Dunn, Mike",2016,MIA,COL,6333333.333333333,0.491,24979.0,32,1,112868571.0,3.4,1.28,38.0,42.1,5.271587500000001,1.5167125
"Hellickson, Jeremy",2016,PHI,PHI,17200000.0,0.438,27213.0,30,0,135996746.0,3.71,1.15,154.0,189.0,5.271587500000001,1.5167125
"Hammel, Jason",2016,CHC,KCR,8000000.0,0.64,37479.0,34,0,,3.83,1.21,144.0,166.2,5.271587500000001,1.5167125
"Morton, Charlie",2016,PHI,HOU,7000000.0,0.438,27213.0,33,0,103060600.0,4.15,1.33,19.0,17.1,5.271587500000001,1.5167125
"Colon, Bartolo",2016,NYM,ATL,12500000.0,0.537,32830.0,44,0,112000000.0,3.43,1.21,128.0,191.2,5.271587500000001,1.5167125
"Wood, Travis",2016,CHC,KCR,6000000.0,0.64,37479.0,30,1,,2.95,1.13,47.0,61.0,5.271587500000001,1.5167125
"Tazawa, Junichi",2016,BOS,MIA,6000000.0,0.574,34388.0,31,0,59897777.0,4.17,1.23,54.0,49.2,5.271587500000001,1.5167125
"Ziegler, Brad",2016,BOS,MIA,6000000.0,0.574,34388.0,37,0,59897777.0,2.82,1.46,27.0,38.1,5.271587500000001,1.5167125
"Casilla, Santiago",2016,SFG,OAK,5500000.0,0.537,36855.0,36,0,86568000.0,3.57,1.19,65.0,58.0,5.271587500000001,1.5167125
"Hudson, Daniel",2016,ARI,PIT,5500000.0,0.426,28920.0,30,0,71000000.0,5.22,1.44,58.0,60.1,5.271587500000001,1.5167125
"Rzepczynski, Marc",2016,WSH,SEA,5500000.0,0.586,30152.0,31,1,142714284.0,3.0,1.72,37.0,36.0,5.271587500000001,1.5167125
"Cashner, Andrew",2016,MIA,TEX,10000000.0,0.491,24979.0,30,0,168133332.0,4.76,1.39,67.0,79.1,5.271587500000001,1.5167125
"Dickey, R.A.",2016,TOR,ATL,8000000.0,0.549,35972.0,42,0,112000000.0,4.46,1.37,126.0,169.2,5.271587500000001,1.5167125
"Benoit, Joaquin",2016,TOR,PHI,7500000.0,0.549,35972.0,39,0,135996746.0,5.18,1.44,28.0,24.1,5.271587500000001,1.5167125
"Logan, Boone",2016,COL,CLE,6500000.0,0.463,31796.0,32,1,96255999.0,3.69,1.01,57.0,46.1,5.271587500000001,1.5167125
"Blevins, Jerry",2016,NYM,NYM,6500000.0,0.537,32830.0,33,1,135045000.0,2.79,1.21,52.0,42.0,5.271587500000001,1.5167125
"Holland, Derek",2016,TEX,CWS,6000000.0,0.586,30511.0,30,1,98733333.0,4.95,1.41,67.0,107.1,5.271587500000001,1.5167125
"Uehara, Koji",2016,BOS,CHC,6000000.0,0.574,34388.0,42,0,171490867.0,3.45,0.96,63.0,47.0,5.271587500000001,1.5167125
"Chavez, Jesse",2016,LAD,LAA,5750000.0,0.562,39339.0,33,0,164670833.0,4.57,1.28,42.0,41.1,5.271587500000001,1.5167125
"Feliz, Neftali",2016,PIT,MIL,5350000.0,0.484,29061.0,29,0,102946500.0,3.52,1.14,61.0,53.2,5.271587500000001,1.5167125
"Fister, Doug",2016,HOU,TEX,4000000.0,0.519,28258.0,33,0,168133332.0,4.64,1.43,115.0,180.1,5.271587500000001,1.5167125
"Blanton, Joe",2016,LAD,WSH,4000000.0,0.562,39339.0,36,0,145888044.0,2.48,1.01,80.0,80.0,5.271587500000001,1.5167125
"Anderson, Brett",2016,LAD,CHC,3500000.0,0.562,39339.0,29,1,171490867.0,11.91,2.56,5.0,11.1,5.271587500000001,1.5167125
"Storen, Drew",2016,SEA,CIN,3000000.0,0.531,28154.0,29,0,114982085.0,6.21,1.59,32.0,33.1,5.271587500000001,1.5167125
"Romo, Sergio",2016,SFG,LAD,3000000.0,0.537,36855.0,34,0,252551802.0,2.64,1.08,33.0,30.2,5.271587500000001,1.5167125
"Salas, Fernando",2016,NYM,NYM,3000000.0,0.537,32830.0,32,0,135045000.0,4.47,1.26,45.0,56.1,5.271587500000001,1.5167125
"Weaver, Jered",2016,LAA,SD,3000000.0,0.457,32956.0,34,0,97880000.0,5.06,1.46,103.0,178.0,5.271587500000001,1.5167125
"Howell, J.P.",2016,LAD,TOR,3000000.0,0.562,39339.0,34,1,137982500.0,4.09,1.4,44.0,50.2,5.271587500000001,1.5167125
"Smith, Joe",2016,CHC,TOR,3000000.0,0.64,37479.0,33,0,137982500.0,3.82,1.3,25.0,37.2,5.271587500000001,1.5167125
"Rodney, Fernando",2016,MIA,ARI,2500000.0,0.491,24979.0,40,0,100429833.0,5.89,1.8,41.0,36.2,5.271587500000001,1.5167125
"Feldman, Scott",2016,TOR,CIN,2300000.0,0.549,35972.0,34,0,114982085.0,2.9,1.24,42.0,62.0,5.271587500000001,1.5167125
"Belisle, Matt",2016,WSH,MIN,2050000.0,0.586,30152.0,37,0,104000000.0,1.76,1.09,32.0,46.0,5.271587500000001,1.5167125
"Duensing, Brian",2016,BAL,CHC,2000000.0,0.549,29307.0,34,1,171490867.0,4.05,1.2,10.0,13.1,5.271587500000001,1.5167125
"Magowan, Dustin",2016,MIA,MIA,1750000.0,0.491,24979.0,35,0,59897777.0,,,,,5.271587500000001,1.5167125
"Chacin, Jhoulys",2016,LAA,SD,1750000.0,0.457,32956.0,29,0,97880000.0,4.68,1.46,92.0,117.1,5.271587500000001,1.5167125
"Richard, Clayton",2016,SD,SD,1750000.0,0.42,30938.0,33,1,97880000.0,2.52,1.53,34.0,53.2,5.271587500000001,1.5167125
"Cahill, Trevor",2016,CHC,SD,1750000.0,0.64,37479.0,29,0,97880000.0,2.74,1.28,66.0,65.2,5.271587500000001,1.5167125
"Bailey, Andrew",2016,LAA,LAA,1000000.0,0.457,32956.0,33,0,164670833.0,6.4,1.45,33.0,32.1,5.271587500000001,1.5167125
"Ondrusek, Logan",2016,BAL,BAL,650000.0,0.549,29307.0,32,0,67000000.0,9.95,1.89,4.0,6.1,5.271587500000001,1.5167125
"Price, David",2015,TOR,BOS,31000000.0,0.574,31175.0,30,1,187407202.0,2.53,1.11,138.0,146.0,4.902751592356688,1.456
"Greinke, Zack",2015,LAD,ARI,34416666.66666666,0.568,40502.0,32,0,86876833.0,1.66,0.84,200.0,222.2,4.902751592356688,1.456
"Cueto, Johnny",2015,KCR,SFG,21666666.66666667,,,30,0,169862298.0,2.62,0.93,120.0,130.2,4.902751592356688,1.456
"Zimmermann, Jordan",2015,WSH,DET,22000000.0,0.512,31293.0,30,0,111000000.0,3.66,1.2,164.0,201.2,4.902751592356688,1.456
"Samardzija, Jeff",2015,CWS,SFG,18000000.0,0.469,,31,0,169862298.0,4.96,1.29,163.0,214.0,4.902751592356688,1.456
"Chen, Wei-Yin",2015,BAL,MIA,16000000.0,0.5,29040.0,30,1,68578500.0,3.34,1.22,153.0,191.1,4.902751592356688,1.456
"Leake, Mike",2015,SFG,STL,16000000.0,0.519,37899.0,28,0,122998726.0,3.56,1.15,90.0,136.2,4.902751592356688,1.456
"Kennedy, Ian",2015,SD,KCR,14000000.0,0.457,31044.0,31,0,,4.28,1.3,174.0,168.1,4.902751592356688,1.456
"Kazmir, Scott",2015,HOU,LAD,16000000.0,0.531,27354.0,32,1,291085107.0,2.38,1.09,101.0,109.2,4.902751592356688,1.456
"Happ, J.A.",2015,PIT,TOR,12000000.0,0.605,31947.0,33,1,93000000.0,4.64,1.41,82.0,108.2,4.902751592356688,1.456
"Lackey, John",2015,STL,CHC,16000000.0,0.617,37430.0,37,0,120336096.0,2.77,1.21,175.0,218.0,4.902751592356688,1.456
"O'Day, Darren",2015,BAL,BAL,7750000.0,0.5,29040.0,33,0,60000000.0,1.52,0.93,82.0,65.1,4.902751592356688,1.456
"Estrada, Marco",2015,TOR,TOR,13000000.0,0.574,31175.0,32,0,93000000.0,3.13,1.04,131.0,181.0,4.902751592356688,1.456
"Soria, Joakim",2015,PIT,KCR,8333333.333333333,0.605,31947.0,32,0,,2.85,1.05,36.0,41.0,4.902751592356688,1.456
"Gallardo, Yovani",2015,TEX,BAL,11000000.0,0.543,29918.0,30,0,60000000.0,3.42,1.42,121.0,184.1,4.902751592356688,1.456
"Madson, Ryan",2015,KCR,OAK,7333333.333333333,,,35,0,81978990.0,2.13,0.96,58.0,63.1,4.902751592356688,1.456
"Sipp, Tony",2015,HOU,HOU,6000000.0,0.531,27354.0,32,1,69060600.0,1.99,1.03,62.0,54.1,4.902751592356688,1.456
"Pelfrey, Mike",2015,MIN,DET,8000000.0,0.512,28351.0,32,0,111000000.0,4.26,1.48,86.0,164.2,4.902751592356688,1.456
"Anderson, Brett",2015,LAD,LAD,15800000.0,0.568,40502.0,28,1,291085107.0,3.69,1.33,116.0,180.1,4.902751592356688,1.456
"Kelley, Shawn",2015,SD,WSH,5000000.0,0.457,31044.0,32,0,163324928.0,2.45,1.09,63.0,51.1,4.902751592356688,1.456
"Clippard, Tyler",2015,NYM,ARI,6125000.0,0.556,31209.0,31,0,86876833.0,2.79,1.19,38.0,38.2,4.902751592356688,1.456
"Iwakuma, Hisashi",2015,SEA,SEA,12000000.0,0.469,28066.0,35,0,123277777.0,3.54,1.06,111.0,129.2,4.902751592356688,1.456
"Bastardo, Antonio",2015,PIT,NYM,6000000.0,0.605,31947.0,30,1,101409244.0,2.98,1.13,64.0,57.1,4.902751592356688,1.456
"Young, Chris",2015,KCR,KCR,5750000.0,,,37,0,,3.06,1.09,83.0,123.1,4.902751592356688,1.456
"Lowe, Mark",2015,TOR,DET,5500000.0,0.574,31175.0,33,0,111000000.0,1.0,1.17,47.0,36.0,4.902751592356688,1.456
"Motte, Jason",2015,CHC,COL,5000000.0,0.599,35488.0,34,0,97281571.0,3.91,1.22,34.0,48.1,4.902751592356688,1.456
"Broxton, Jonathan",2015,STL,STL,3750000.0,0.617,37430.0,32,0,122998726.0,5.89,1.39,37.0,36.2,4.902751592356688,1.456
"Colon, Bartolo",2015,NYM,NYM,7250000.0,0.556,31209.0,43,0,101409244.0,4.16,1.24,136.0,194.2,4.902751592356688,1.456
"Fister, Doug",2015,WSH,HOU,7000000.0,0.512,31293.0,32,0,69060600.0,4.19,1.4,63.0,103.0,4.902751592356688,1.456
"Perez, Oliver",2015,HOU,WSH,3500000.0,0.531,27354.0,34,1,163324928.0,3.1,1.24,37.0,29.0,4.902751592356688,1.456
"Hill, Rich",2015,BOS,OAK,6000000.0,0.481,33913.0,36,1,81978990.0,1.55,0.66,36.0,29.0,4.902751592356688,1.456
"Lewis, Colby",2015,TEX,TEX,6000000.0,0.543,29918.0,36,0,141641237.0,4.66,1.24,142.0,204.2,4.902751592356688,1.456
"Qualls, Chad",2015,HOU,COL,3000000.0,0.531,27354.0,37,0,97281571.0,4.38,1.11,46.0,49.1,4.902751592356688,1.456
"Cahill, Trevor",2015,CHC,CHC,4250000.0,0.599,35488.0,28,0,120336096.0,7.52,1.78,14.0,26.1,4.902751592356688,1.456
"Blanton, Joe",2015,PIT,LAD,4000000.0,0.605,31947.0,35,0,291085107.0,3.89,1.2,40.0,41.2,4.902751592356688,1.456
"Blevins, Jerry",2015,NYM,NYM,4000000.0,0.556,31209.0,32,1,101409244.0,0.0,0.0,4.0,5.0,4.902751592356688,1.456
"Hernandez, David",2015,ARI,PHI,3900000.0,0.488,29146.0,31,0,146561706.0,4.28,1.31,33.0,33.2,4.902751592356688,1.456
"Latos, Mat",2015,LAA,CWS,3000000.0,0.525,33076.0,28,0,75130500.0,4.48,1.25,79.0,88.1,4.902751592356688,1.456
"Lincecum, Tim",2015,SFG,LAA,2500000.0,0.519,37899.0,33,0,146922583.0,4.13,1.48,60.0,76.1,4.902751592356688,1.456
"Norris, Bud",2015,SD,ATL,2500000.0,0.457,31044.0,31,0,107541781.0,7.06,1.64,50.0,66.1,4.902751592356688,1.456
"Albers, Matt",2015,CWS,CWS,2250000.0,0.469,,33,0,75130500.0,1.21,1.07,28.0,37.1,4.902751592356688,1.456
"Simon, Alfredo",2015,DET,CIN,2000000.0,0.46,31711.0,35,0,115277539.0,5.05,1.44,117.0,187.0,4.902751592356688,1.456
"Hunter, Tommy",2015,CHC,CLE,2000000.0,0.599,35488.0,29,0,87325800.0,3.63,1.16,32.0,44.2,4.902751592356688,1.456
"Vogelsong, Ryan",2015,SFG,PIT,2000000.0,0.519,37899.0,38,0,86373388.0,4.67,1.47,108.0,135.0,4.902751592356688,1.456
"Rodney, Fernando",2015,CHC,SD,2000000.0,0.599,35488.0,39,0,89000000.0,5.68,1.5,43.0,50.2,4.902751592356688,1.456
"Villanueva, Carlos",2015,STL,SD,1500000.0,0.617,37430.0,32,0,89000000.0,2.95,1.16,55.0,61.0,4.902751592356688,1.456
"Webb, Ryan",2015,CLE,TB,1000000.0,0.503,23585.0,30,0,72355877.0,3.2,1.14,31.0,50.2,4.902751592356688,1.456
"Floyd, Gavin",2015,CLE,TOR,1000000.0,0.503,23585.0,33,0,93000000.0,2.7,1.13,7.0,13.1,4.902751592356688,1.456
"Nathan, Joe",2015,DET,CHC,507500.0,0.46,31711.0,41,0,120336096.0,0.0,0.0,1.0,0.1,4.902751592356688,1.456
"Jackson, Edwin",2015,ATL,MIA,507500.0,0.414,27373.0,32,0,68578500.0,3.19,1.35,23.0,31.0,4.902751592356688,1.456
"Scherzer, Max",2014,DET,WSH,30000000.0,0.556,32407.0,30,0,134704437.0,3.15,1.18,252.0,220.1,5.065055096418733,1.4763636363636363
"Lester, Jon",2014,OAK,CHC,25833333.33333333,0.543,26912.0,31,1,92677368.0,2.52,1.12,149.0,143.0,5.065055096418733,1.4763636363636363
"Shields, James",2014,KCR,SD,18750000.0,,,33,0,87451500.0,3.21,1.18,180.0,227.0,5.065055096418733,1.4763636363636363
"Santana, Ervin",2014,ATL,MIN,13750000.0,0.488,29934.0,32,0,85776500.0,3.95,1.31,179.0,196.0,5.065055096418733,1.4763636363636363
"McCarthy, Brandon",2014,NYY,LAD,12000000.0,0.519,38994.0,31,0,235295219.0,5.01,1.38,93.0,109.2,5.065055096418733,1.4763636363636363
"Robertson, David",2014,NYY,CWS,11500000.0,0.519,38994.0,30,0,73934500.0,3.08,1.06,96.0,64.1,5.065055096418733,1.4763636363636363
"Liriano, Francisco",2014,PIT,PIT,13000000.0,0.543,31715.0,31,1,76589354.0,3.38,1.3,175.0,162.1,5.065055096418733,1.4763636363636363
"Miller, Andrew",2014,BAL,NYY,9000000.0,0.593,30235.0,30,1,197449189.0,2.34,0.9,69.0,42.1,5.065055096418733,1.4763636363636363
"Peavy, Jake",2014,SFG,SFG,12000000.0,0.543,37262.0,34,0,154185878.0,4.72,1.43,100.0,124.0,5.065055096418733,1.4763636363636363
"Hammel, Jason",2014,OAK,CHC,10000000.0,0.543,26912.0,32,0,92677368.0,2.98,1.02,104.0,108.2,5.065055096418733,1.4763636363636363
"Volquez, Edinson",2014,PIT,KCR,10000000.0,0.543,31715.0,31,0,,3.04,1.23,140.0,192.2,5.065055096418733,1.4763636363636363
"Gregerson, Luke",2014,OAK,HOU,4625000.0,0.543,26912.0,31,0,44552100.0,2.12,1.01,59.0,72.1,5.065055096418733,1.4763636363636363
"Uehara, Koji",2014,BOS,BOS,9000000.0,0.438,34181.0,40,0,162817411.0,2.52,0.92,80.0,64.1,5.065055096418733,1.4763636363636363
"Romo, Sergio",2014,SFG,SFG,7500000.0,0.543,37262.0,32,0,154185878.0,3.72,0.95,59.0,58.0,5.065055096418733,1.4763636363636363
"Duke, Zach",2014,MIL,CWS,5000000.0,0.506,33432.0,32,1,73934500.0,2.45,1.13,74.0,58.2,5.065055096418733,1.4763636363636363
"Rodriguez, Francisco",2014,MIL,MIL,6500000.0,0.506,33432.0,33,0,103844806.0,3.04,0.99,73.0,68.0,5.065055096418733,1.4763636363636363
"Neshek, Pat",2014,STL,HOU,6250000.0,0.556,37867.0,34,0,44552100.0,1.87,0.79,68.0,67.1,5.065055096418733,1.4763636363636363
"Anderson, Brett",2014,COL,LAD,10000000.0,0.407,32375.0,27,1,235295219.0,2.91,1.32,29.0,43.1,5.065055096418733,1.4763636363636363
"Hochevar, Luke",2014,KCR,KCR,5000000.0,,,31,0,,,,,,5.065055096418733,1.4763636363636363
"Masterson, Justin",2014,STL,BOS,9500000.0,0.556,37867.0,30,0,162817411.0,5.51,1.65,93.0,98.0,5.065055096418733,1.4763636363636363
"Burnett, A.J.",2014,PHI,PIT,8500000.0,0.451,30530.0,38,0,76589354.0,4.59,1.41,190.0,213.2,5.065055096418733,1.4763636363636363
"Grilli, Jason",2014,LAA,ATL,4000000.0,0.605,33229.0,38,0,113523347.0,3.48,1.16,36.0,33.2,5.065055096418733,1.4763636363636363
"Kendrick, Kyle",2014,PHI,COL,5500000.0,0.451,30530.0,30,0,95832071.0,4.61,1.36,121.0,199.0,5.065055096418733,1.4763636363636363
"Capuano, Chris",2014,NYY,NYY,5000000.0,0.519,38994.0,36,1,197449189.0,4.25,1.31,55.0,65.2,5.065055096418733,1.4763636363636363
"Harang, Aaron",2014,ATL,PHI,5000000.0,0.488,29934.0,37,0,180052723.0,3.57,1.4,161.0,204.1,5.065055096418733,1.4763636363636363
"Janssen, Casey",2014,TOR,WSH,5000000.0,0.512,29518.0,33,0,134704437.0,3.94,1.18,28.0,45.2,5.065055096418733,1.4763636363636363
"Motte, Jason",2014,STL,CHC,4500000.0,0.556,37867.0,33,0,92677368.0,4.68,1.52,17.0,25.0,5.065055096418733,1.4763636363636363
"Soriano, Rafael",2014,WSH,CHC,4100000.0,0.593,30854.0,35,0,92677368.0,3.19,1.13,59.0,62.0,5.065055096418733,1.4763636363636363
"Floyd, Gavin",2014,ATL,CLE,4000000.0,0.488,29934.0,32,0,82534800.0,2.65,1.25,45.0,54.1,5.065055096418733,1.4763636363636363
"Vogelsong, Ryan",2014,SFG,SFG,4000000.0,0.543,37262.0,37,0,154185878.0,4.0,1.28,151.0,184.2,5.065055096418733,1.4763636363636363
"Lewis, Colby",2014,TEX,TEX,4000000.0,0.414,30360.0,35,0,136036172.0,5.18,1.52,133.0,170.1,5.065055096418733,1.4763636363636363
"Belisle, Matt",2014,COL,STL,3500000.0,0.407,32375.0,35,0,111020360.0,4.87,1.44,43.0,64.2,5.065055096418733,1.4763636363636363
"Cotts, Neal",2014,TEX,MIL,3000000.0,0.414,30360.0,35,1,103844806.0,4.32,1.34,63.0,66.2,5.065055096418733,1.4763636363636363
"Badenhop, Burke",2014,BOS,CIN,2500000.0,0.438,34181.0,32,0,112390772.0,2.29,1.26,40.0,70.2,5.065055096418733,1.4763636363636363
"Morrow, Brandon",2014,TOR,SD,2500000.0,0.512,29518.0,30,0,87451500.0,5.67,1.65,30.0,33.1,5.065055096418733,1.4763636363636363
"Coke, Phil",2014,DET,CHC,2250000.0,0.556,32407.0,32,1,92677368.0,3.88,1.53,41.0,58.0,5.065055096418733,1.4763636363636363
"Stauffer, Tim",2014,SD,MIN,2200000.0,0.475,29972.0,33,0,85776500.0,3.5,1.4,67.0,64.1,5.065055096418733,1.4763636363636363
"Breslow, Craig",2014,BOS,BOS,2000000.0,0.438,34181.0,34,1,162817411.0,5.96,1.86,37.0,54.1,5.065055096418733,1.4763636363636363
"Villanueva, Carlos",2014,CHC,STL,2000000.0,0.451,32919.0,31,0,111020360.0,4.64,1.39,72.0,77.2,5.065055096418733,1.4763636363636363
"Morales, Franklin",2014,COL,KCR,1850000.0,0.407,32375.0,29,1,,5.37,1.62,100.0,142.1,5.065055096418733,1.4763636363636363
"Frasor, Jason",2014,KCR,KCR,1800000.0,,,37,0,,3.34,1.38,30.0,29.2,5.065055096418733,1.4763636363636363
"Johnson, Jim",2014,DET,ATL,1600000.0,0.556,32407.0,32,0,113523347.0,7.14,2.06,28.0,40.1,5.065055096418733,1.4763636363636363
"Albers, Matt",2014,HOU,CWS,1500000.0,0.432,24409.0,32,0,73934500.0,0.9,1.3,8.0,10.0,5.065055096418733,1.4763636363636363
"Gregg, Kevin",2014,MIA,CIN,1500000.0,0.475,25139.0,37,0,112390772.0,10.0,1.78,6.0,9.0,5.065055096418733,1.4763636363636363
"Billingsley, Chad",2014,LAD,PHI,1500000.0,0.58,40262.0,30,0,180052723.0,,,,,5.065055096418733,1.4763636363636363
"Hernandez, Roberto",2014,LAD,HOU,1250000.0,0.58,40262.0,34,0,44552100.0,3.87,1.35,75.0,121.0,5.065055096418733,1.4763636363636363
"Fujikawa, Kyuji",2014,CHC,TEX,1100000.0,0.451,32919.0,34,0,136036172.0,4.85,1.85,17.0,13.0,5.065055096418733,1.4763636363636363
"Chamberlain, Joba",2014,DET,DET,1000000.0,0.556,32407.0,29,0,105800000.0,3.57,1.29,59.0,63.0,5.065055096418733,1.4763636363636363
"Gorzelanny, Tom",2014,MIL,DET,1000000.0,0.506,33432.0,32,1,105800000.0,0.86,1.43,23.0,21.0,5.065055096418733,1.4763636363636363
"Thatcher, Joe",2014,LAA,HOU,1000000.0,0.605,33229.0,33,1,44552100.0,2.63,1.08,25.0,24.0,5.065055096418733,1.4763636363636363
"Johnson, Josh",2014,SD,SD,1000000.0,0.475,29972.0,31,0,87451500.0,,,,,5.065055096418733,1.4763636363636363
"Young, Chris",2014,SEA,KCR,675000.0,0.537,26813.0,36,0,,3.65,1.23,108.0,165.0,5.065055096418733,1.4763636363636363
"Beimel, Joe",2014,SEA,TEX,600000.0,0.537,26813.0,38,1,136036172.0,2.2,1.18,25.0,45.0,5.065055096418733,1.4763636363636363
"Magowan, Dustin",2014,TOR,LAD,507500.0,0.512,29518.0,33,0,235295219.0,,,,,5.065055096418733,1.4763636363636363
"Jimenez, Ubaldo",2013,CLE,BAL,12500000.0,0.568,23947.0,30,0,91093433.0,3.3,1.33,194.0,182.2,4.883047752808989,1.4787078651685392
"Garza, Matt",2013,TEX,MIL,12500000.0,0.558,33473.0,30,0,91003366.0,4.38,1.32,74.0,84.1,4.883047752808989,1.4787078651685392
"Nolasco, Ricky",2013,LAD,MIN,12250000.0,0.568,40782.0,31,0,75562500.0,3.85,1.22,90.0,112.1,4.883047752808989,1.4787078651685392
"Vargas, Jason",2013,LAA,KCR,8000000.0,0.481,32432.0,31,1,,4.02,1.39,109.0,150.0,4.883047752808989,1.4787078651685392
"Feldman, Scott",2013,BAL,HOU,10000000.0,0.525,28866.0,31,0,26105600.0,3.46,1.14,67.0,91.0,4.883047752808989,1.4787078651685392
"Hughes, Phil",2013,NYY,MIN,8000000.0,0.525,37082.0,28,0,75562500.0,5.19,1.46,121.0,145.2,4.883047752808989,1.4787078651685392
"Arroyo, Bronson",2013,CIN,ARI,11750000.0,0.556,32084.0,37,0,86715000.0,3.79,1.15,124.0,202.0,4.883047752808989,1.4787078651685392
"Hudson, Tim",2013,ATL,SFG,11500000.0,0.593,31155.0,38,0,140264334.0,3.97,1.19,95.0,131.1,4.883047752808989,1.4787078651685392
"Burnett, A.J.",2013,PIT,PHI,11250000.0,0.58,30865.0,37,0,159578214.0,3.3,1.21,209.0,191.0,4.883047752808989,1.4787078651685392
"Kazmir, Scott",2013,CLE,OAK,11000000.0,0.568,23947.0,30,1,60142250.0,4.04,1.32,162.0,158.0,4.883047752808989,1.4787078651685392
"Colon, Bartolo",2013,OAK,NYM,10000000.0,0.593,25822.0,41,0,93684590.0,2.65,1.17,117.0,190.1,4.883047752808989,1.4787078651685392
"Nathan, Joe",2013,TEX,DET,10000000.0,0.558,33473.0,39,0,148697500.0,1.39,0.9,73.0,64.2,4.883047752808989,1.4787078651685392
"Logan, Boone",2013,NYY,COL,5500000.0,0.525,37082.0,29,1,74690000.0,3.23,1.18,50.0,39.0,4.883047752808989,1.4787078651685392
"Kuroda, Hiroki",2013,NYY,NYY,16000000.0,0.525,37082.0,39,0,228106125.0,3.31,1.16,150.0,201.1,4.883047752808989,1.4787078651685392
"Smith, Joe",2013,CLE,LAA,5250000.0,0.568,23947.0,30,0,127896250.0,2.29,1.22,54.0,63.0,4.883047752808989,1.4787078651685392
"Benoit, Joaqin",2013,DET,SD,7750000.0,0.574,33045.0,36,0,67986200.0,,,,,4.883047752808989,1.4787078651685392
"Santana, Ervin",2013,KCR,ATL,14100000.0,,,31,0,89287914.0,3.24,1.14,161.0,211.0,4.883047752808989,1.4787078651685392
"Rodney, Fernando",2013,TB,SEA,7000000.0,0.564,24435.0,37,0,72265252.0,3.38,1.34,82.0,66.2,4.883047752808989,1.4787078651685392
"Lopez, Javier",2013,SFG,SFG,4333333.333333333,0.469,38260.0,36,1,140264334.0,1.83,1.07,37.0,39.1,4.883047752808989,1.4787078651685392
"Balfour, Grant",2013,OAK,TB,6000000.0,0.593,25822.0,36,0,57091466.0,2.59,1.2,72.0,62.2,4.883047752808989,1.4787078651685392
"Howell, J.P.",2013,LAD,LAD,5625000.0,0.568,40782.0,31,1,216302909.0,2.03,1.05,54.0,62.0,4.883047752808989,1.4787078651685392
"Pelfrey, Mike",2013,MIN,MIN,5500000.0,0.407,28805.0,30,0,75562500.0,5.19,1.55,101.0,152.2,4.883047752808989,1.4787078651685392
"Haren, Dan",2013,WSH,LAD,10000000.0,0.531,31671.0,33,0,216302909.0,4.67,1.24,151.0,169.2,4.883047752808989,1.4787078651685392
"Wilson, Brian",2013,LAD,LAD,10000000.0,0.568,40782.0,32,0,216302909.0,0.66,0.88,13.0,13.2,4.883047752808989,1.4787078651685392
"Mujica, Edward",2013,STL,BOS,4750000.0,0.599,37016.0,30,0,150655500.0,2.78,1.01,46.0,64.2,4.883047752808989,1.4787078651685392
"Johnson, Josh",2013,TOR,SD,8000000.0,0.457,29677.0,30,0,67986200.0,6.2,1.66,83.0,81.1,4.883047752808989,1.4787078651685392
"Thornton, Matt",2013,BOS,NYY,3500000.0,0.599,34012.0,37,1,228106125.0,3.86,1.25,21.0,28.0,4.883047752808989,1.4787078651685392
"O'Flaherty, Eric",2013,ATL,OAK,3500000.0,0.593,31155.0,29,1,60142250.0,2.5,0.94,11.0,18.0,4.883047752808989,1.4787078651685392
"Hammel, Jason",2013,BAL,CHC,6000000.0,0.525,28866.0,31,0,104150726.0,4.97,1.46,96.0,139.1,4.883047752808989,1.4787078651685392
"Qualls, Chad",2013,MIA,HOU,3000000.0,0.383,24805.0,35,0,26105600.0,2.61,1.23,49.0,62.0,4.883047752808989,1.4787078651685392
"Parra, Manny",2013,CIN,CIN,2750000.0,0.556,32084.0,31,1,106885000.0,3.33,1.2,56.0,46.0,4.883047752808989,1.4787078651685392
"Volquez, Edinson",2013,LAD,PIT,5000000.0,0.568,40782.0,30,0,66477266.0,6.01,1.67,116.0,142.1,4.883047752808989,1.4787078651685392
"Vogelsong, Ryan",2013,SFG,SFG,5000000.0,0.469,38260.0,36,0,140264334.0,5.73,1.56,67.0,103.2,4.883047752808989,1.4787078651685392
"Hernandez, Roberto",2013,TB,PHI,4500000.0,0.564,24435.0,33,0,159578214.0,4.89,1.34,113.0,151.0,4.883047752808989,1.4787078651685392
"Chen, Bruce",2013,KCR,KCR,4250000.0,,,37,1,,3.27,1.18,78.0,121.0,4.883047752808989,1.4787078651685392
"Perez, Oliver",2013,SEA,ARI,2125000.0,0.438,25096.0,32,1,86715000.0,3.74,1.43,74.0,53.0,4.883047752808989,1.4787078651685392
"Floyd, Gavin",2013,CWS,ATL,4000000.0,0.389,,31,0,89287914.0,5.18,1.6,25.0,24.1,4.883047752808989,1.4787078651685392
"Downs, Scott",2013,ATL,CWS,4000000.0,0.593,31155.0,38,1,116054500.0,1.84,1.26,22.0,29.1,4.883047752808989,1.4787078651685392
"Veras, Jose",2013,DET,CHC,4000000.0,0.574,33045.0,33,0,104150726.0,2.93,1.0,44.0,43.0,4.883047752808989,1.4787078651685392
"Crain, Jesse",2013,TB,HOU,3250000.0,0.564,24435.0,32,0,26105600.0,0.74,1.15,46.0,36.2,4.883047752808989,1.4787078651685392
"Rodriguez, Francisco",2013,BAL,MIL,3250000.0,0.525,28866.0,32,0,91003366.0,1.09,1.05,26.0,24.2,4.883047752808989,1.4787078651685392
"Hawkins, LaTroy",2013,NYM,COL,2500000.0,0.457,28674.0,41,0,74690000.0,2.93,1.15,55.0,70.2,4.883047752808989,1.4787078651685392
"Chamberlain, Joba",2013,NYY,DET,2500000.0,0.525,37082.0,28,0,148697500.0,4.93,1.74,38.0,42.0,4.883047752808989,1.4787078651685392
"Albers, Matt",2013,CLE,HOU,2450000.0,0.568,23947.0,31,0,26105600.0,3.14,1.27,35.0,63.0,4.883047752808989,1.4787078651685392
"Capuano, Chris",2013,LAD,BOS,2250000.0,0.568,40782.0,35,1,150655500.0,4.26,1.41,81.0,105.2,4.883047752808989,1.4787078651685392
"Lewis, Colby",2013,TEX,TEX,2000000.0,0.558,33473.0,34,0,125506177.0,,,,,4.883047752808989,1.4787078651685392
"Wright, Jamey",2013,TB,LAD,1800000.0,0.564,24435.0,39,0,216302909.0,3.09,1.2,65.0,70.0,4.883047752808989,1.4787078651685392
"Frasor, Jason",2013,TEX,TEX,1750000.0,0.558,33473.0,36,0,125506177.0,2.57,1.14,48.0,49.0,4.883047752808989,1.4787078651685392
"Maholm, Paul",2013,ATL,LAD,1500000.0,0.593,31155.0,32,1,216302909.0,4.41,1.41,105.0,153.0,4.883047752808989,1.4787078651685392
"Matsuzaka, Daisuke",2013,NYM,NYM,1500000.0,0.457,28674.0,33,0,93684590.0,4.42,1.24,33.0,38.2,4.883047752808989,1.4787078651685392
"Oviedo, Juan",2013,TB,TB,1500000.0,0.564,24435.0,32,0,57091466.0,,,,,4.883047752808989,1.4787078651685392
"Saunders, Joe",2013,SEA,TEX,1500000.0,0.438,25096.0,33,1,125506177.0,5.26,1.6,107.0,183.0,4.883047752808989,1.4787078651685392
"Francis, Jeff",2013,COL,CIN,1250000.0,0.457,33580.0,33,1,106885000.0,6.27,1.61,63.0,70.1,4.883047752808989,1.4787078651685392
"Marmol, Carlos",2013,LAD,MIA,1250000.0,0.568,40782.0,31,0,40822900.0,5.86,1.7,32.0,27.2,4.883047752808989,1.4787078651685392
"Francisco, Frank",2013,NYM,CWS,1000000.0,0.457,28674.0,34,0,116054500.0,4.26,1.11,6.0,6.1,4.883047752808989,1.4787078651685392
"Hanrahan, Joel",2013,BOS,DET,1000000.0,0.599,34012.0,32,0,148697500.0,9.82,2.18,5.0,7.1,4.883047752808989,1.4787078651685392
"Fransworth, Kyle",2013,PIT,NYM,1000000.0,0.58,30865.0,38,0,93684590.0,,,,,4.883047752808989,1.4787078651685392
"Duke, Zach",2013,CIN,MIL,850000.0,0.556,32084.0,31,1,91003366.0,8.71,1.89,11.0,20.2,4.883047752808989,1.4787078651685392
"Greinke, Zack",2012,LAA,LAD,24500000.0,0.549,34315.0,29,0,105419833.0,3.44,1.2,122.0,123.0,5.24748241912799,1.521181434599156
"Sanchez, Anibal",2012,DET,DET,16000000.0,0.543,33961.0,29,0,103640000.0,3.94,1.26,110.0,121.0,5.24748241912799,1.521181434599156
"Jackson, Edwin",2012,WSH,CHC,13000000.0,0.605,31582.0,29,0,107608000.0,4.03,1.22,168.0,189.2,5.24748241912799,1.521181434599156
"Lohse, Kyle",2012,STL,MIL,11000000.0,0.543,35854.0,34,0,98188766.0,2.86,1.09,143.0,211.0,5.24748241912799,1.521181434599156
"Soriano, Rafael",2012,NYY,WSH,14000000.0,0.586,38943.0,33,0,92534929.0,2.26,1.17,69.0,67.2,5.24748241912799,1.521181434599156
"Dempster, Ryan",2012,TEX,BOS,13250000.0,0.574,35509.0,36,0,175249119.0,2.25,1.04,83.0,104.0,5.24748241912799,1.521181434599156
"Guthrie, Jeremy",2012,KCR,KCR,8333333.333333333,,,34,0,,3.16,1.13,56.0,91.0,5.24748241912799,1.521181434599156
"League, Brandon",2012,LAD,LAD,7500000.0,0.531,36866.0,30,0,105419833.0,3.63,1.5,27.0,44.2,5.24748241912799,1.521181434599156
"Broxton, Jonathan",2012,CIN,CIN,7000000.0,0.599,29881.0,29,0,87826167.0,2.27,1.4,25.0,35.2,5.24748241912799,1.521181434599156
"Affeldt, Jeremy",2012,SFG,SFG,6000000.0,0.58,37320.0,34,1,117620683.0,2.7,1.26,57.0,63.1,5.24748241912799,1.521181434599156
"McCarthy, Brandon",2012,OAK,ARI,7750000.0,0.58,25353.0,29,0,74284833.0,3.24,1.25,73.0,111.0,5.24748241912799,1.521181434599156
"Kuroda, Hiroki",2012,NYY,NYY,15000000.0,0.586,38943.0,38,0,209792900.0,3.32,1.17,167.0,219.2,5.24748241912799,1.521181434599156
"Blanton, Joe",2012,LAD,LAA,7500000.0,0.531,36866.0,32,0,154485166.0,4.59,1.19,115.0,133.1,5.24748241912799,1.521181434599156
"Haren, Dan",2012,LAA,WSH,13000000.0,0.549,34315.0,32,0,92534929.0,4.33,1.29,142.0,176.2,5.24748241912799,1.521181434599156
"Pettitte, Andy",2012,NYY,NYY,12000000.0,0.586,38943.0,41,1,209792900.0,2.87,1.14,69.0,75.1,5.24748241912799,1.521181434599156
"Adams, Mike",2012,TEX,PHI,6000000.0,0.574,35509.0,34,0,174538938.0,3.27,1.39,45.0,52.1,5.24748241912799,1.521181434599156
"Rivera, Mariano",2012,NYY,NYY,10000000.0,0.586,38943.0,43,0,209792900.0,2.16,0.96,8.0,8.1,5.24748241912799,1.521181434599156
"Villanueva, Carlos",2012,TOR,CHC,5000000.0,0.451,27488.0,29,0,107608000.0,4.16,1.27,122.0,125.1,5.24748241912799,1.521181434599156
"Correia, Kevin",2012,PIT,MIN,5000000.0,0.488,28744.0,32,0,100435000.0,4.21,1.3,89.0,171.0,5.24748241912799,1.521181434599156
"Burnett, Sean",2012,WSH,LAA,4000000.0,0.605,31582.0,30,1,154485166.0,2.38,1.24,57.0,56.2,5.24748241912799,1.521181434599156
"Soria, Joakim",2012,KCR,TEX,4000000.0,,,29,0,120836000.0,,,,,5.24748241912799,1.521181434599156
"Choate, Randy",2012,LAD,STL,2500000.0,0.531,36866.0,37,1,110300862.0,2.49,0.99,27.0,25.1,5.24748241912799,1.521181434599156
"Myers, Brett",2012,CWS,CLE,7000000.0,0.525,,32,0,65430300.0,3.12,1.13,21.0,34.2,5.24748241912799,1.521181434599156
"Grilli, Jason",2012,PIT,PIT,3375000.0,0.488,28744.0,36,0,63813171.0,2.91,1.14,90.0,58.2,5.24748241912799,1.521181434599156
"Saunders, Joe",2012,BAL,SEA,6500000.0,0.574,28098.0,32,1,84928100.0,4.22,1.36,89.0,130.0,5.24748241912799,1.521181434599156
"Feldman, Scott",2012,TEX,CHC,6000000.0,0.574,35509.0,30,0,107608000.0,5.09,1.38,96.0,123.2,5.24748241912799,1.521181434599156
"Peralta, Joel",2012,TB,TB,3000000.0,0.556,24829.0,37,0,63496433.0,3.63,0.99,84.0,67.0,5.24748241912799,1.521181434599156
"Baker, Scott",2012,MIN,CHC,5500000.0,0.407,31309.0,31,0,107608000.0,,,,,5.24748241912799,1.521181434599156
"Uehara, Koji",2012,TEX,BOS,4250000.0,0.574,35509.0,38,0,175249119.0,1.75,0.64,43.0,36.0,5.24748241912799,1.521181434599156
"Marcum, Shaun",2012,MIL,NYM,4000000.0,0.512,32767.0,31,0,93353983.0,3.7,1.27,109.0,124.0,5.24748241912799,1.521181434599156
"Madson, Ryan",2012,CIN,LAA,3500000.0,0.599,29881.0,32,0,154485166.0,,,,,5.24748241912799,1.521181434599156
"Hernandez, Roberto",2012,CLE,TB,3250000.0,0.42,24041.0,32,0,63496433.0,7.53,1.4,2.0,14.1,5.24748241912799,1.521181434599156
"Colon, Bartolo",2012,OAK,OAK,3000000.0,0.58,25353.0,40,0,55609000.0,3.43,1.21,91.0,152.1,5.24748241912799,1.521181434599156
"Marquis, Jason",2012,SD,SD,3000000.0,0.469,28820.0,34,0,55024900.0,4.04,1.3,79.0,93.2,5.24748241912799,1.521181434599156
"Howell, J.P.",2012,TB,LAD,2850000.0,0.556,24829.0,30,1,105419833.0,3.04,1.21,42.0,50.1,5.24748241912799,1.521181434599156
"Lindstrom, Matt",2012,ARI,CWS,2800000.0,0.5,29588.0,33,0,96032000.0,2.72,1.29,30.0,36.1,5.24748241912799,1.521181434599156
"Valverde, Jose",2012,DET,DET,2301887.0,0.543,33961.0,35,0,103640000.0,3.78,1.25,48.0,69.0,5.24748241912799,1.521181434599156
"Gonzalez, Mike",2012,WSH,MIL,2250000.0,0.605,31582.0,35,1,98188766.0,3.03,1.32,39.0,35.2,5.24748241912799,1.521181434599156
"Lewis, Colby",2012,TEX,TEX,2000000.0,0.574,35509.0,33,0,120836000.0,3.43,1.08,93.0,105.0,5.24748241912799,1.521181434599156
"Francis, Jeff",2012,COL,COL,1500000.0,0.395,32388.0,32,1,81135571.0,5.58,1.48,76.0,113.0,5.24748241912799,1.521181434599156
"Perez, Oliver",2012,SEA,SEA,1500000.0,0.463,24760.0,31,1,84928100.0,2.12,1.25,24.0,29.2,5.24748241912799,1.521181434599156
"Frasor, Jason",2012,TOR,TEX,1500000.0,0.451,27488.0,35,0,120836000.0,4.12,1.47,53.0,43.2,5.24748241912799,1.521181434599156
"Sanchez, Jonathan",2012,COL,PIT,1375000.0,0.395,32388.0,30,1,63813171.0,7.76,2.04,36.0,53.1,5.24748241912799,1.521181434599156
"Camp, Shawn",2012,CHC,CHC,1350000.0,0.377,34037.0,37,0,107608000.0,3.59,1.29,54.0,77.2,5.24748241912799,1.521181434599156
"Farnsworth, Kyle",2012,TB,TB,1250000.0,0.556,24829.0,37,0,63496433.0,4.0,1.33,25.0,27.0,5.24748241912799,1.521181434599156
"Lowe, Derek",2012,NYY,TEX,1250000.0,0.586,38943.0,40,0,120836000.0,5.52,1.69,41.0,119.0,5.24748241912799,1.521181434599156
"Rauch, Jon",2012,NYM,MIA,1000000.0,0.457,30895.0,34,0,58038000.0,3.59,0.99,42.0,57.2,5.24748241912799,1.521181434599156
"Durbin, Chad",2012,ATL,PHI,1000000.0,0.58,30907.0,35,0,174538938.0,3.1,1.31,49.0,61.0,5.24748241912799,1.521181434599156
"Qualls, Chad",2012,PIT,PHI,1000000.0,0.488,28744.0,34,0,174538938.0,4.6,1.53,19.0,31.1,5.24748241912799,1.521181434599156
"Contreras, Jose",2012,PHI,PIT,1000000.0,0.5,37885.0,41,0,63813171.0,5.27,1.17,15.0,13.2,5.24748241912799,1.521181434599156
"Liriano, Francisco",2012,CWS,PIT,1000000.0,0.525,,29,1,63813171.0,5.31,1.44,109.0,100.0,5.24748241912799,1.521181434599156
"Wright, Jamey",2012,LAD,TB,1000000.0,0.531,36866.0,38,0,63496433.0,3.72,1.51,54.0,67.2,5.24748241912799,1.521181434599156
"Lyon, Brandon",2012,TOR,NYM,750000.0,0.451,27488.0,33,0,93353983.0,3.25,1.33,35.0,36.0,5.24748241912799,1.521181434599156
"Gaudin, Chad",2012,MIA,SFG,750000.0,0.426,29182.0,30,0,117620683.0,4.54,1.41,57.0,69.1,5.24748241912799,1.521181434599156
"Duke, Zach",2012,WSH,WSH,700000.0,0.605,31582.0,30,1,92534929.0,1.32,1.1,10.0,13.2,5.24748241912799,1.521181434599156
"Oviedo, Juan",2012,MIA,TB,520000.0,0.426,29182.0,31,0,63496433.0,,,,,5.24748241912799,1.521181434599156
"Wilson, C.J.",2011,TEX,LAA,15500000.0,0.593,32552.0,31,1,138543166.0,2.94,1.19,206.0,223.1,4.716294706723891,1.4792274678111588
"Buehrle, Mark",2011,CWS,MIA,14500000.0,0.488,,33,1,57898000.0,3.59,1.3,109.0,205.1,4.716294706723891,1.4792274678111588
"Papelbon, Jonathan",2011,BOS,PHI,12500014.5,0.556,34851.0,31,0,172976379.0,2.94,0.93,87.0,64.1,4.716294706723891,1.4792274678111588
"Bell, Heath",2011,SD,MIA,9000000.0,0.438,29693.0,34,0,57898000.0,2.44,1.15,51.0,62.2,4.716294706723891,1.4792274678111588
"Nathan, Joe",2011,MIN,TEX,7250000.0,0.389,34031.0,37,0,92299264.0,4.84,1.16,43.0,44.2,4.716294706723891,1.4792274678111588
"Harang, Aaron",2011,SD,LAD,6000000.0,0.438,29693.0,34,0,104188999.0,3.64,1.37,124.0,170.2,4.716294706723891,1.4792274678111588
"Francisco, Frank",2011,TOR,NYM,6000000.0,0.5,25051.0,32,0,118847309.0,3.55,1.32,53.0,50.2,4.716294706723891,1.4792274678111588
"Jackson, Edwin",2011,STL,WSH,11000000.0,0.556,34318.0,28,0,68306929.0,3.92,1.42,97.0,121.2,4.716294706723891,1.4792274678111588
"Kuroda, Hiroki",2011,LAD,NYY,10000000.0,0.509,34421.0,37,0,207047964.0,3.07,1.21,161.0,202.0,4.716294706723891,1.4792274678111588
"Capuano, Chris",2011,NYM,LAD,5000000.0,0.475,31603.0,33,1,104188999.0,4.55,1.35,168.0,186.0,4.716294706723891,1.4792274678111588
"Chen, Bruce",2011,KCR,KCR,4500000.0,,,35,1,,3.77,1.3,97.0,155.0,4.716294706723891,1.4792274678111588
"Madson, Ryan",2011,PHI,CIN,8500000.0,0.63,39220.0,31,0,75947134.0,2.37,1.15,62.0,60.2,4.716294706723891,1.4792274678111588
"Rodrigeuz, Fernando",2011,MIL,MIL,8000000.0,0.593,34356.0,30,0,85497333.0,,,,,4.716294706723891,1.4792274678111588
"Maholm, Paul",2011,PIT,CHC,4750000.0,0.444,27580.0,30,1,134004000.0,3.66,1.29,97.0,162.1,4.716294706723891,1.4792274678111588
"Capps, Matt",2011,MIN,MIN,4750000.0,0.389,34031.0,28,0,112737000.0,4.25,1.2,34.0,65.2,4.716294706723891,1.4792274678111588
"Bedard, Erik",2011,BOS,PIT,4500000.0,0.556,34851.0,33,1,42045500.0,3.45,1.17,87.0,91.1,4.716294706723891,1.4792274678111588
"Cordero, Francisco",2011,CIN,TOR,4500000.0,0.488,30205.0,37,0,62051000.0,2.45,1.02,42.0,69.2,4.716294706723891,1.4792274678111588
"Broxton, Jonathan",2011,LAD,KCR,4000000.0,0.509,34421.0,28,0,,5.68,1.89,10.0,12.2,4.716294706723891,1.4792274678111588
"Garcia, Freddy",2011,NYY,NYY,4000000.0,0.599,39167.0,35,0,207047964.0,3.62,1.34,96.0,146.2,4.716294706723891,1.4792274678111588
"Oliver, Darren",2011,TEX,TOR,4000000.0,0.593,32552.0,41,1,62051000.0,2.29,1.14,44.0,51.0,4.716294706723891,1.4792274678111588
"Wang, Chien-Ming",2011,WSH,WSH,4000000.0,0.497,27224.0,32,0,68306929.0,4.04,1.28,25.0,62.1,4.716294706723891,1.4792274678111588
"Dotel, Octavio",2011,STL,DET,3500000.0,0.556,34318.0,38,0,105799000.0,3.68,1.09,30.0,29.1,4.716294706723891,1.4792274678111588
"Rauch, Jon",2011,TOR,NYM,3500000.0,0.5,25051.0,33,0,118847309.0,4.85,1.35,36.0,52.0,4.716294706723891,1.4792274678111588
"Hawkins, LaTroy",2011,MIL,LAA,3000000.0,0.593,34356.0,39,0,138543166.0,2.42,1.24,28.0,48.1,4.716294706723891,1.4792274678111588
"Wood, Kerry",2011,CHC,CHC,3000000.0,0.438,35028.0,35,0,134004000.0,3.35,1.29,57.0,51.0,4.716294706723891,1.4792274678111588
"Marquis, Jason",2011,ARI,MIN,3000000.0,0.58,28084.0,33,0,112737000.0,3.95,1.42,71.0,120.2,4.716294706723891,1.4792274678111588
"Colon, Bartolo",2011,NYY,OAK,2000000.0,0.599,39167.0,39,0,66347500.0,4.0,1.29,135.0,164.1,4.716294706723891,1.4792274678111588
"Rodney, Fernando",2011,LAA,TB,2000000.0,0.531,32608.0,35,0,41717750.0,4.5,1.69,26.0,32.0,4.716294706723891,1.4792274678111588
"Saito, Takashi",2011,MIL,ARI,1750000.0,0.593,34356.0,42,0,53639833.0,2.03,1.12,23.0,26.2,4.716294706723891,1.4792274678111588
"Coffey, Todd",2011,WSH,LAD,1300000.0,0.497,27224.0,31,0,104188999.0,3.62,1.26,46.0,59.2,4.716294706723891,1.4792274678111588
"Qualls, Chad",2011,SD,PHI,1150000.0,0.438,29693.0,33,0,172976379.0,3.51,1.25,43.0,74.1,4.716294706723891,1.4792274678111588
"Sherrill, George",2011,ATL,SEA,1100000.0,0.549,30539.0,35,1,94067143.0,3.0,1.25,38.0,36.0,4.716294706723891,1.4792274678111588
"MacDougal, Mike",2011,LAD,LAD,1000000.0,0.509,34421.0,35,0,104188999.0,2.05,1.46,41.0,57.0,4.716294706723891,1.4792274678111588
"Mota, Guillermo",2011,SFG,SFG,1000000.0,0.531,37287.0,38,0,118198333.0,3.81,1.26,77.0,80.1,4.716294706723891,1.4792274678111588
"Lidge, Brad",2011,PHI,WSH,1000000.0,0.63,39220.0,35,0,68306929.0,1.4,1.5,23.0,19.1,4.716294706723891,1.4792274678111588
"Ayala, Luis",2011,NYY,BAL,925000.0,0.599,39167.0,34,0,85580866.0,2.09,1.27,39.0,56.0,4.716294706723891,1.4792274678111588
"Zumaya, Joel",2011,DET,MIN,850000.0,0.586,30123.0,27,0,112737000.0,,,,,4.716294706723891,1.4792274678111588
"Willis, Dontrelle",2011,CIN,PHI,850000.0,0.488,30205.0,30,1,172976379.0,5.0,1.52,57.0,75.2,4.716294706723891,1.4792274678111588
"Camp, Shawn",2011,TOR,SEA,750000.0,0.5,25051.0,36,0,94067143.0,4.21,1.52,32.0,66.1,4.716294706723891,1.4792274678111588
"Romero, J.C.",2011,COL,STL,750000.0,0.451,33128.0,36,1,105433572.0,3.86,1.71,10.0,16.1,4.716294706723891,1.4792274678111588
"Brackman, Andrew",2011,NYY,CIN,500000.0,0.599,39167.0,26,0,75947134.0,0.0,1.71,0.0,2.1,4.716294706723891,1.4792274678111588
"Lee, Cliff",2010,TEX,PHI,24000000.0,0.556,28747.0,32,1,141928379.0,3.98,1.06,96.0,108.2,5.3164201183426885,1.5752662721890691
"Soriano, Rafael",2010,TB,NYY,11666666.66666667,0.593,24972.0,31,0,206333389.0,1.73,0.8,57.0,62.1,5.3164201183426885,1.5752662721890691
"Rivera, Mariano",2010,NYY,NYY,15000000.0,0.586,40715.0,41,0,206333389.0,1.8,0.83,45.0,60.0,5.3164201183426885,1.5752662721890691
"De La Rosa, Jorge",2010,COL,COL,10750000.0,0.512,33707.0,30,1,84227000.0,4.22,1.32,113.0,121.2,5.3164201183426885,1.5752662721890691
"Pavano, Carl",2010,MIN,MIN,8250000.0,0.58,33574.0,35,0,97559167.0,3.75,1.19,117.0,221.0,5.3164201183426885,1.5752662721890691
"Westbrook, Jake",2010,STL,STL,8250000.0,0.531,35721.0,33,0,93540751.0,4.65,1.39,73.0,127.2,5.3164201183426885,1.5752662721890691
"Benoit, Joaquin",2010,TB,DET,5500000.0,0.593,24972.0,33,0,122864929.0,1.34,0.68,75.0,60.1,5.3164201183426885,1.5752662721890691
"Downs, Scott",2010,TOR,LAA,5000000.0,0.525,23920.0,35,1,123485000.0,2.64,0.99,48.0,61.1,5.3164201183426885,1.5752662721890691
"Crain, Jesse",2010,MIN,CWS,4333333.333333333,0.58,33574.0,29,0,73851000.0,3.04,1.18,62.0,68.0,5.3164201183426885,1.5752662721890691
"Kuroda, Hiroki",2010,LAD,LAD,12000000.0,0.494,38924.0,36,0,95143575.0,3.39,1.16,159.0,196.1,5.3164201183426885,1.5752662721890691
"Guerrier, Matt",2010,MIN,LAD,4000000.0,0.58,33574.0,32,0,95143575.0,3.17,1.1,42.0,71.0,5.3164201183426885,1.5752662721890691
"Fuentes, Brian",2010,MIN,OAK,5250000.0,0.58,33574.0,35,1,52099450.0,3.52,1.2,39.0,38.1,5.3164201183426885,1.5752662721890691
"Gregg, Kevin",2010,TOR,BAL,5000000.0,0.525,23920.0,33,0,81313500.0,3.51,1.39,58.0,59.0,5.3164201183426885,1.5752662721890691
"Putz, J.J.",2010,CWS,ARI,5000000.0,0.543,,34,0,75705833.0,2.83,1.04,65.0,54.0,5.3164201183426885,1.5752662721890691
"Balfour, Grant",2010,TB,OAK,4050000.0,0.593,24972.0,33,0,52099450.0,2.28,1.08,56.0,55.1,5.3164201183426885,1.5752662721890691
"Correia, Kevin",2010,SD,PIT,4000000.0,0.556,28711.0,30,0,34093838.0,5.4,1.49,115.0,145.0,5.3164201183426885,1.5752662721890691
"Feliciano, Pedro",2010,NYM,NYY,4000000.0,0.488,30841.0,34,1,206333389.0,3.3,1.53,56.0,62.2,5.3164201183426885,1.5752662721890691
"Vazquez, Javier",2010,NYY,MIA,7000000.0,0.586,40715.0,34,0,57431500.0,5.32,1.4,121.0,157.1,5.3164201183426885,1.5752662721890691
"Contreras, Jose",2010,PHI,PHI,2750000.0,0.599,39005.0,39,0,141928379.0,3.34,1.22,57.0,56.2,5.3164201183426885,1.5752662721890691
"Garland, Jon",2010,SD,LAD,5000000.0,0.556,28711.0,31,0,95143575.0,3.47,1.32,136.0,200.0,5.3164201183426885,1.5752662721890691
"Rhodes, Arthur",2010,CIN,TEX,4100000.0,0.562,27610.0,41,1,64810570.0,2.29,1.02,50.0,55.0,5.3164201183426885,1.5752662721890691
"Francisco, Frank",2010,TEX,TOR,4000000.0,0.556,28747.0,31,0,62640100.0,3.76,1.27,60.0,52.2,5.3164201183426885,1.5752662721890691
"Harang, Aaron",2010,CIN,SD,4000000.0,0.562,27610.0,33,0,37415350.0,5.32,1.59,82.0,111.2,5.3164201183426885,1.5752662721890691
"Ohman, Will",2010,MIA,CWS,2000000.0,0.494,24782.0,33,1,73851000.0,3.3,1.6,29.0,30.0,5.3164201183426885,1.5752662721890691
"Rauch, Jon",2010,MIN,TOR,3750000.0,0.58,33574.0,32,0,62640100.0,3.12,1.3,46.0,57.2,5.3164201183426885,1.5752662721890691
"Dotel, Octavio",2010,COL,TOR,3500000.0,0.512,33707.0,37,0,62640100.0,4.28,1.3,48.0,40.0,5.3164201183426885,1.5752662721890691
"Frasor, Jason",2010,TOR,TOR,3500000.0,0.525,23920.0,33,0,62640100.0,3.68,1.38,65.0,63.2,5.3164201183426885,1.5752662721890691
"Farnsworth, Kyle",2010,ATL,TB,3250000.0,0.562,31096.0,35,0,61523232.0,2.42,1.16,36.0,44.2,5.3164201183426885,1.5752662721890691
"Penny, Brad",2010,STL,DET,3000000.0,0.531,35721.0,33,0,122864929.0,3.23,1.29,35.0,55.2,5.3164201183426885,1.5752662721890691
"Uehara, Koji",2010,BAL,BAL,3000000.0,0.407,24693.0,36,0,81313500.0,2.86,0.95,55.0,44.0,5.3164201183426885,1.5752662721890691
"Webb, Brandon",2010,ARI,TEX,3000000.0,0.401,28616.0,32,0,64810570.0,,,,,5.3164201183426885,1.5752662721890691
"Wheeler, Dan",2010,TB,BOS,3000000.0,0.593,24972.0,33,0,162747333.0,3.35,1.08,46.0,48.1,5.3164201183426885,1.5752662721890691
"Qualls, Chad",2010,TB,SD,2550000.0,0.593,24972.0,32,0,37415350.0,8.29,2.0,34.0,38.0,5.3164201183426885,1.5752662721890691
"Choate, Randy",2010,TB,MIA,1250000.0,0.593,24972.0,35,1,57431500.0,4.23,1.3,40.0,44.2,5.3164201183426885,1.5752662721890691
"Chen, Bruce",2010,KCR,KCR,2000000.0,,,34,1,,4.17,1.38,98.0,140.1,5.3164201183426885,1.5752662721890691
"Francis, Jeff",2010,COL,KCR,2000000.0,0.512,33707.0,30,1,,5.0,1.36,67.0,104.1,5.3164201183426885,1.5752662721890691
"Padilla, Vicente",2010,LAD,LAD,2000000.0,0.494,38924.0,33,0,95143575.0,4.07,1.08,84.0,95.0,5.3164201183426885,1.5752662721890691
"Heilman, Aaron",2010,ARI,ARI,2000000.0,0.401,28616.0,32,0,75705833.0,4.5,1.38,55.0,72.0,5.3164201183426885,1.5752662721890691
"Capuano, Chris",2010,MIL,NYM,1500000.0,0.475,32474.0,32,1,126497269.0,3.95,1.3,54.0,66.0,5.3164201183426885,1.5752662721890691
"Wood, Kerry",2010,NYY,CHC,1500000.0,0.586,40715.0,34,0,144359000.0,0.69,1.23,31.0,26.0,5.3164201183426885,1.5752662721890691
"Romero, J.C.",2010,PHI,PHI,1350000.0,0.599,39005.0,35,1,141928379.0,3.68,1.61,28.0,36.2,5.3164201183426885,1.5752662721890691
"Young, Chris",2010,SD,NYM,1100000.0,0.556,28711.0,32,0,126497269.0,0.9,1.05,15.0,20.0,5.3164201183426885,1.5752662721890691
"Bedard, Erik",2010,SEA,SEA,1000000.0,0.377,26778.0,32,1,86524600.0,,,,,5.3164201183426885,1.5752662721890691
"Reyes, Dennys",2010,STL,BOS,900000.0,0.531,35721.0,34,1,162747333.0,3.55,1.45,25.0,38.0,5.3164201183426885,1.5752662721890691
"Durbin, Chad",2010,PHI,CLE,800000.0,0.599,39005.0,33,0,61453967.0,3.8,1.31,63.0,68.2,5.3164201183426885,1.5752662721890691
"Batista, Miguel",2010,WSH,STL,750000.0,0.426,26117.0,40,0,93540751.0,3.7,1.33,55.0,82.2,5.3164201183426885,1.5752662721890691
"Duchscherer, Justin",2010,TEX,BAL,700000.0,0.556,28747.0,33,0,81313500.0,2.89,1.36,18.0,28.0,5.3164201183426885,1.5752662721890691
